3,d69b60de3b5977f795750fcd45cc54bb41a1e909
3,122aa3f7e49294dceb5eeb52adcb38310b700bf1
3,87f1fb0b84c6193982bdde4fc8f3e9734eb38422
3,10fe30085a3cae3ddaba59313f07dd7f114d93f3
3,c7129349a7360585ad76417e69429a0cb6e428d0
3,8b09bcee1ed16412a998d0f94dc71da3460d968f
3,663cdde623ed66d9fb9355ad3cbc19cab102bc9e
3,33d5534b143456c47218e631500eca23d1a81402
3,f8ef7644c5c467e6248314038e44b9087eda5a91
3,9021f0102781e803aa45d329797a490423c008b9
3,41b893ce0b38a48bb97227d7177956db5dca951c
3,ed5d59a2063443f1db3d1c2141e57b0603a4dde6
3,cb337e6f2cd34bba730a2b90347819005c0a942e
3,bbeb7761352e8f3650517e586199842eb9332ab1
3,513c3b57b59686085d0f6d48ab8ec75007d04a6e
3,677ed6f9c97110e1d2eb61c753a5132c179f2478
3,7f799de992bf8d6afe2927418a164aec42bb3514
3,bcecf23302684fbafd169654a22c259f0beabfee
3,80cca7ce8e08f11d5477a9d816a46577e524d847
3,f0df563982bb98fcebf895b7bd28643b21808ceb
3,e889bd0de1c1b1e496baf4c5e00eb3d673945885
3,d3deabd3c35e963766ccaef9e5f47beb2f131f92
3,fdb0bea94a0f076f542257828e2ea823373c85c3
3,1e8dc0fe08b0dff095a83e56f5f34759761ba393
