metadata,total_entities
1,3
1,3,2,2
1,3,2,2,3,2
1,3,2,2,3,2,4,1
1,3,2,2,3,2,4,1,5,2
1,3,2,2,3,2,4,1,5,2,6,1
1,3,2,2,3,2,4,1,5,2,6,1,7,1
1,3,2,2,3,2,4,1,5,2,6,1,7,1,8,3
1,3,2,2,3,2,4,1,5,2,6,1,7,1,8,3,9,2
1,3,2,2,3,2,4,1,5,2,6,1,7,1,8,3,9,2,10,1
1,3,2,2,3,2,4,1,5,2,6,1,7,1,8,3,9,2,10,1,11,29
1,3,2,2,3,2,4,1,5,2,6,1,7,1,8,3,9,2,10,1,11,29,12,1
1,3,2,2,3,2,4,1,5,2,6,1,7,1,8,3,9,2,10,1,11,29,12,1,13,2
1,3,2,2,3,2,4,1,5,2,6,1,7,1,8,3,9,2,10,1,11,29,12,1,13,2,14,2
1,3,2,2,3,2,4,1,5,2,6,1,7,1,8,3,9,2,10,1,11,29,12,1,13,2,14,2,15,1
1,3,2,2,3,2,4,1,5,2,6,1,7,1,8,3,9,2,10,1,11,29,12,1,13,2,14,2,15,1,16,30
1,3,2,2,3,2,4,1,5,2,6,1,7,1,8,3,9,2,10,1,11,29,12,1,13,2,14,2,15,1,16,30,17,1
1,3,2,2,3,2,4,1,5,2,6,1,7,1,8,3,9,2,10,1,11,29,12,1,13,2,14,2,15,1,16,30,17,1,18,4
1,3,2,2,3,2,4,1,5,2,6,1,7,1,8,3,9,2,10,1,11,29,12,1,13,2,14,2,15,1,16,30,17,1,18,4,19,5
1,3,2,2,3,2,4,1,5,2,6,1,7,1,8,3,9,2,10,1,11,29,12,1,13,2,14,2,15,1,16,30,17,1,18,4,19,5,20,37
1,3,2,2,3,2,4,1,5,2,6,1,7,1,8,3,9,2,10,1,11,29,12,1,13,2,14,2,15,1,16,30,17,1,18,4,19,5,20,37,21,1
1,3,2,2,3,2,4,1,5,2,6,1,7,1,8,3,9,2,10,1,11,29,12,1,13,2,14,2,15,1,16,30,17,1,18,4,19,5,20,37,21,1,22,1
1,3,2,2,3,2,4,1,5,2,6,1,7,1,8,3,9,2,10,1,11,29,12,1,13,2,14,2,15,1,16,30,17,1,18,4,19,5,20,37,21,1,22,1,23,7
1,3,2,2,3,2,4,1,5,2,6,1,7,1,8,3,9,2,10,1,11,29,12,1,13,2,14,2,15,1,16,30,17,1,18,4,19,5,20,37,21,1,22,1,23,7,24,1
1,3,2,2,3,2,4,1,5,2,6,1,7,1,8,3,9,2,10,1,11,29,12,1,13,2,14,2,15,1,16,30,17,1,18,4,19,5,20,37,21,1,22,1,23,7,24,1,25,2
1,3,2,2,3,2,4,1,5,2,6,1,7,1,8,3,9,2,10,1,11,29,12,1,13,2,14,2,15,1,16,30,17,1,18,4,19,5,20,37,21,1,22,1,23,7,24,1,25,2,26,1
1,3,2,2,3,2,4,1,5,2,6,1,7,1,8,3,9,2,10,1,11,29,12,1,13,2,14,2,15,1,16,30,17,1,18,4,19,5,20,37,21,1,22,1,23,7,24,1,25,2,26,1,27,1
1,3,2,2,3,2,4,1,5,2,6,1,7,1,8,3,9,2,10,1,11,29,12,1,13,2,14,2,15,1,16,30,17,1,18,4,19,5,20,37,21,1,22,1,23,7,24,1,25,2,26,1,27,1,28,1
1,3,2,2,3,2,4,1,5,2,6,1,7,1,8,3,9,2,10,1,11,29,12,1,13,2,14,2,15,1,16,30,17,1,18,4,19,5,20,37,21,1,22,1,23,7,24,1,25,2,26,1,27,1,28,1,29,1
1,3,2,2,3,2,4,1,5,2,6,1,7,1,8,3,9,2,10,1,11,29,12,1,13,2,14,2,15,1,16,30,17,1,18,4,19,5,20,37,21,1,22,1,23,7,24,1,25,2,26,1,27,1,28,1,29,1,30,13
