857,f533aefdc3562f578f16a6dd27bbe6a08a77d130
0,b6f37a5cf89037a4aa6c0fa9f635aeb75f2e2340
1026,81419837bb4a88540e126f20009419c644236f09
1655,6604f1d9f636bf331ac70077be557e75d3b035d9
175,9416447d0aeb84b2c4c08833d2914c377fe26700
1059,500d981c93dddbb5b9e28cdce02e47c120372273
0,9d2b6511351e6e7c2b94703269a0638d03905ab6
1142,f4d8201a5f6090d5cb76bd3fddc1ee4f325a911c
857,6c86257f784d8e142039d5d8ff3da260c739b662
1616,f1095d8c30d33e0e86e691f797d13c6f7bc11c4c
188,f3a3d400fe8d049a4dced93bcfbb0598028c802e
1006,cd02e8bd4ed8d7425eedfe37f42fa23a605f6dbd
1390,2396246c13ac844d6a9b7d9d02c7fcd779d11804
0,bb48e9d64982993e4b85d96a16b67f6631367969
228,4f16e3cbfee813278904f38b50011b4ea4f90bc4
88,4d90718c3aea5c15291e56b0d7eb35f0db6f0717
1581,6fbf3663b55def1f75fa3bed4690bf9562146921
956,f9a9f39b05ba380e56901b78234a801b86c6e719
539,697a8d7493be7f6f7d2dc670ce66a1a3db641900
984,fd355fe7b249b552160eba3ce72aee3a09ee08e8
285,1c2d22d06acbd0a975311b36ceb8bd24bf28d952
138,4dd7df6be7d1f459b58885f7041e4cc073b2d975
866,90d175e5a930b0081332ea1d2f079815fe846112
1017,a99ce3c8370e029bd5df4b6d2a7bbe9e2f01a607
1292,cf8fec97f253a2e60db4d853231311320f612422
479,41acc3f8ba9fae40948dfb7687dad80bea36a607
195,ae78fc3ded0f6bea3e98218fdf94b6435f81ce1d
102,25217da1dbdba7e722db741aa11f98e86e41784d
0,e5202fa398606c92c3b05dc540ed2ebc4dec6f88
1680,63e82ea2705b15f3de3e98936ca7581278f6353e
1346,101a9a60f200aef4401fc748adbfef3af8bdd080
281,ed8a04fb29dd9aeadc15a5e6d89a0ae505a7c6fd
1661,16aeaba993556767c95a4cd59540f1d3b6992772
1619,5624a96c6da94ad1c95077dbbdab71409d85770c
143,a28cf138b3c6ff0f4ad5bd4d2f363f3b67241d8b
1450,ff3b13e5a7d19678260220e18da291a5bd6c311c
350,3c36df26cc04affc269bb081740f81c1acd83950
294,4a734131d3b064b1821a3bb25c0346e0bc30d145
296,6958a7fe17994d1435246ea1bf232fcf33dd241a
285,fd7975f809dd543c633db145e1fde3377f867f46
1346,f53cfe112513cd4ff37d2d5dbefa6c95973bafde
229,a51dd9e2e16a6286aa894a9f5be23f5c046b60e3
396,27d33a2f42fcb583e78699a1659644e83ca93188
0,3b12cc843279ab77df0fb208228ff6fca86f2f44
210,3957076bec1e80b22750a79c3de15012bea69bc9
504,d2c0b5ee8d401bdab705f859e07697c3e26e3901
449,1d47b6f7b71812bba4ef8dd2ba09410dade0d063
0,4c4d94e8c43b68981b5434d011309d5c2c7a7393
134,b530d4dc9204d42beb2197055db461b22a48d80c
1070,dca3aab6fc8bb26513e226eb77600322d5b0e9e8
933,2153bb95b1dcd1ada274c99bdf1a5a049f7aa3f8
470,29af4d71dcaa2d95a492d5676fb6dc7a75e4fac5
1361,b4e41ba3e745dabf6024a4a6f3f44c22a01cf1b7
1051,4300ff31500eab95d54fc6fff2eb5441b4585825
1339,f7d1c10588df3e31be6b88f18752b443d5102261
1167,1e898e791b0df150485a715542793623e01e860d
426,1a03fe87d166440650ab32cd60a2a407c42d5b8f
1563,6cf991c60ac73dbd32b26d8ea0b773ac07d16193
385,a496859f3623a36697175888f30e4af1a8e80b3b
305,a496859f3623a36697175888f30e4af1a8e80b3b
302,d9e9db0c32f9c89612af72095617cfcdbfaadc0b
714,5c9f8fb6e5c8330540c0c424d7fe122daa608c79
1174,1036a80ac81a092574a84b129e936dea37af5907
210,97033e3b1964ad1da319f72fe8874333dc487245
104,a1fee6f5ae81cf932d8a262576df7aad6d3c30de
1290,824b430f40bfb770c0782471f7c1cc86322808e7
0,caacd5c28d435d5ed45617ad3fc18623d3e2a318
1342,a2afabff4602fc08d0b67876e0daacab36d156da
1151,c3154b86dce55f8ca318c35f97751d3aeee415aa
513,76059d43401ddeb8df1fb8e6e5677adcd3378b4f
363,77c59bcdf244253cf376bac1ba7d430e46a75dd4
1096,f181ccef73aa77493f846fc27ca34bb58590ddcf
138,0b8a660387cee5bb573892efeeec2c31ff3cbfbb
1590,f5f54a1560c708913c30d460bec361eb71ab0bd7
1337,b3d25547b6232ece8e77ee034b1248aaff52f108
228,91456bb2aab251b8512b41b48726fe0550d25cfa
933,457db943e6833e90db1d800fc7ed51f59d479e58
524,765834c377d7283cc4243dc91d682dc2aab98040
1577,fcb436d2a7ed399dd8006b3254e655634000f4a1
285,5e41ea67c5a2233a3f085ad2ee494c06d27236be
230,b5b5d40367d6236e415058bcc6f4dc53003541b0
1035,7d90a581ef2c1a6059ff06403c98069211b89cee
1590,9f4abbd96bc03ec5b76ed6a67a661904051cea50
555,e767bb623ab4c841918ce6590f09b534f3d1ba0b
177,abe21371c50c697196798d1b3cb0c2f71375aa9e
640,11afe576b256b9b44229348cddfadaddbb359f0f
60,ed9696caacf8364aa1636c06539f284678fd34b6
36,1b2e4e35ed2b2dce279160ea7b4541182b026ca8
1145,fc6c6f3777bb05cd5e2bbebf2565bcaadcd2bd74
795,c864d1f3ddce6ed42bc0b6871398462b77e9d58b
792,3be3d239e82b2f977778f3d7163c642980e34474
363,48d069f4559da3870ee1e3b36df757b29b781885
50,f115e352d16593675f37fa060315843d454170a1
1214,99a5ce8c56a168084a5f4f0ae26ae1032bcefa79
558,49aca6b9fe5c1c4ee8005cd8e1370b9d1817dec5
65,c5f77f735ec22905339dd731d1b935c743b800ba
736,a8fb97ebd61ff4a67fa32e063e0779bdc2d46396
820,f4009bfed0f76c9674bccfa06bdff8cd65a41c36
25,c1095f4ccc9422669a97403090c20a70ae36b18a
1393,1c06e9db4fb2623af8953fe14ddf2a8002e4c015
1232,cfc31552094358301ab5d31d932620d599d29723
104,c80f45bdf74250ae6a2ec083bae4d1019c7f5b25
782,21cdb526fae3897af5fb74f5d1af2b2af5ca3be2
215,b162d9e28f2afab911cdac589b36b4931c1cca04
630,c4597cb82df23157764baed7f8944f713316e75f
237,251f0e920403f47e83764e6d6cb7816f91985afb
1006,1bdf3ab8af012cb3248384073f99c1dc69f7e97f
228,34d576e43ada185f877e118663ca28cffb0991ba
0,a1ef3043709a8ab2d919de7656465fdcec1c84b3
538,c242e523dcb20dc9585580bfc5d8b459217160fd
353,34c48fe4f5c540153feb70c18aaf8e745e85cf00
1096,f8125269795412cdc1b8602adfb24ea2754a368c
954,1608f61a2092a021a28b37b1d06fbaedf8049a5a
502,61b5385aa74f5dc813129599bcf7e50f5a234169
806,7fa228fcaa75178c75c819436abd6e4c1dd55a1a
540,58d9bf0fdb63bfc40f13a651814e46024544b502
808,adab9e7a3f8267410330c1e9f43d6606fdcb8c07
811,7773abc1f63d878327ffcfb306081eb051e1f647
857,95736dde4a5285f53dcfdae41dbcb9e00996d417
960,0f5531490c8c05de53788acf1a527d461b0484f7
533,b588af39baa033efac8eba809cc899d71b5a9280
1605,d8e0568e7ff45e5fcbccf4a5aaa2df6059c4aade
1030,214b3292a9975c7a1bf635e99e84c00290c47c47
479,b9469ab3e6d65575357c68cddc4e0ca889b51ccf
633,a13b4b7fae76062d7db63aebbde750fce6daed70
1345,fcaf1f5e6998ca1363a30582926488ef736148e3
250,c184e663bfb63164ff8217f5fbdf2c0d220ab206
72,0d23c9c2ece0a4af7314d22435e07b5426493fbe
104,1abd480c37550893ee1384e6b72af1f289d60540
833,13aa5273ea661af61f19096067ec1fefa97a790e
667,77fa3161a89df6a2bb8688b1c4a5f1b97a474adf
646,2d2e58631ae92e4e989f3114c3e37a033c003983
259,27632def50fc555e351c7c9d2efa3fcdf8c87337
649,281156e2c3a5a768f5fe70db3dd1e6bcd9edf152
251,1b91a877acbd48141da6b1ec0f55039d0b9e7988
6,ceb992ee1784703338c2c51273fc3e25a07939fa
0,93b66b11b89965957970fce64e2d6cb12dbbc966
0,cbb1ad8c8a205ee543c6874aeaf7773d33f41fd2
951,3f2d65a4708c3d457cbdd9c4974afb90c2f2abbf
0,10535a2cffa99d956cca1a9be5d29b5ddd96fefd
401,7097e25f0f864e6e708243191e2d5b78203ecbab
571,3c7136379aa22f900c7111175479be3c1d60b95b
695,ff23ffd05bc364ca91e84a9390a53673775c8299
983,ba81a9322c8006217df919e89e212e7723cbb9a2
981,ba81a9322c8006217df919e89e212e7723cbb9a2
0,02bd351e922fe054c0b723c44fae8b0a9455135f
988,1b7d47acd8392ca5ac632a8ff6d331ac27301160
989,1b7d47acd8392ca5ac632a8ff6d331ac27301160
1672,8a1978a753192a82f602f3d791ed9946cc7bcf08
3,1c0d31d54050dce298524a5197acab5552694a14
22,73ce7a109aaa05a1ccb3816f1953301d22334bd2
72,141e4c3d68a0045fe854d9c1ed73e184de2da87b
1161,8ba23091ee0eafe5f303058621cb7b86758b1629
0,160068d2f6e7308c956c02f804ca52a0a1af7575
1063,0fe5282a038e5e5c960912fb32569cd77c77bd75
703,b4c54009ee19014149b18941b4341297ccdab562
198,11082155ed7f2967e11c43b38369fdf698eeb9a8
667,84f17ae48ddeaf6de637d839e4625aa32484fd00
1504,94b08db7c444d5a00929e8a52e4359cc029bf237
1667,5e07c8646f46ce55400094c3ab817a87fbf3d5b5
982,d364748c74d1dda33c413cc7f3f3f86943d77696
451,833c65998e3cf6ac33cc7068f3d689eb99e10566
705,9d93d27e94fe0a4753a35d27c9acd1429c1f45f8
798,05cf6342b2699ecba05a44abfc5e47e680a425fe
1630,628b1302f273accf53b2d91e6f7ac90e20c4102f
137,be42fe00ae95b3d750f1f95f451db445d4a47f6e
1186,17270d846a337f4b8e5cfa2b19175aa8f07c58c7
944,2c2b52d9173be7b1b3284554a590fa04fa6a3d14
701,5e191d93a23eb403d7bdee731d51be352957a6d9
637,39386b2bbfb0b6f0e0d360d262be714f86337009
204,fcbc54a719bdc7446d0150bbc69383e7aca25d52
539,bb54d455599d0ccd320673380e6186bed67e8f6a
1207,69ce85fa6e2f6e1ba3a430057c6f790db60b596e
285,951224a86989e4c75b92d6ff21607a50caa8e433
1063,7dc7e095943c1e916da88b3f5d58e8b99d3d187a
1500,c96498680df551f2cbd2a4735d9408044a0c7bc3
1126,06ce99241a610b15a556104e8f5ccf75ffd6cfb0
768,35fa73f05fa65905e4b9e26f8fdbea51d2e945f4
104,70822ea7f2e24e4057ab3b6204e058a8dd50d050
96,b88e34a1607db5bedf8a3b189bbca791243a4a18
359,ba43564e2f1b7bdddbd49bbba9a838b206c56860
790,21779d890a7c11002493849f62760e73287b5c9e
1510,6731710c30ae09092b058935b416d42b9ce77b11
891,4fbab15638e53ce494796260f6c291bb2926ad19
1047,67d149037c651cbe2a341e2548bde70fb5fdb4dc
291,42ae840390ea2453e6ee53ff466cf631bbf2edb7
137,917cca0f238b6c33fbe7527a17cb619ae4451858
761,f580dbfeaab498faad78ac0314089d511caf9b28
66,18e90285f9b79c1ccbcee9fa9493fa4c99188da3
861,215570df00da2a682f2109d85c5eab12b78b485e
231,1e7d5eec0f736d703a73228aecf3db50b9b3720e
114,1429d48ecf37c5e8427cd8872a2ef20dd82a157f
516,de48f9f96207215bf0f7962d04d2a88da2717a14
947,03a94924b8c788f1b3e97114fa4d5b1167157bae
1409,18b2c440c8a7e4c389f6d548f696e81cedf21056
1301,faefa0c2a634afbe59e65a3e3e504efa6a9b02d1
833,d711ac12007394a990e0dbc7c5cb8426a20eacdd
294,a69d7b38727078309a3d630def4ee2f87337a19e
671,fad58fee36a45d473c6f919c9476f9f17e9c471c
208,3db2d4cda8c6047539fa1aceea145b15d69d6446
489,1259c968fc6f0f222b5d385c44fd8104608b10d4
902,ce91968a54263986f45f74dac55f8987ec6941ed
479,9b2c7aa28ed4e3afe1e8b74ce3f8266dc7927915
508,e92c694e8d2cca1dcaaddb36f0200f27d21e28df
0,9be3b158c5341d4cca33ada6ce1155e7ca5b25f3
255,d7351ccd19765f564a4155937024c83a99e3d23b
122,8c37a844c7dc2f67c7dc88ea42604efe324aa8be
1046,1029bc039fa6b13e000efe9dbdff7800e04be2fc
1526,a47466fbc31df0335b37de2f4d190ea1c9b22fa9
801,89720ce9c41fa68367826b482832cec7570579bc
1310,3a284f5eb89cf09b61b73cf6ff2711741bbacc7a
262,96e6ed2248fdcdbfa263dfd55af7ee0785b2264e
226,fdd8ca2a2afc84395abaaaeeea16515b58e52f5c
773,c3496d1b4a5a3012d546e73079a07a137788a5c6
0,b1f46d50240b2601e401939404bdbc7197572006
1630,be5a05d126e5bf275c4bd1766962493f1c8ac342
944,d49d4c8a2d8f19c84f5f7b5543d2aa427390f0c6
236,c8270dc4e72930ae4f1e993fbcfe44ddaf61e3b8
1033,2cd3ea39e3dc70f1ffcffae92cb0901894bed63b
1434,31fed42cb8afee148da17eeeb0a2e858ac9af142
291,233d93d401d813ae7e5de852fe7a2b7cce14e305
495,1bc1c14590ba8cac8eb7d2f92a46f5f400e04f73
362,dd8ed02c858a2195d89268addc225636426c7698
87,42dde4eef7c4f7b7cfb8aec24621feabb54fae5f
0,f692f7d69577ce6bb2e7e045c0ce9c3d72c76dd8
1649,db624ef35c8174e9bd5a9f63f9e2957e8bd594b8
126,206cee03ceea35d36720aacefd411eda5172dc32
532,e1136b9f97ad5dabf3c0251a06487d0e84eebb74
1429,f6fd0ce109f425fd56237b92a21dec09cd0388f0
1427,9f036af1028a8456ef50102222765efabad69f01
1652,85f9ece660407fe68ad61560ebd723a57ec761e6
0,d8f384e5971a6f67f952ee008a9a75eaff71c4c1
1493,1bcda32146713144eac4889c3065c448417c36f6
1574,0f4f5dec7f3a7de7161d1fabf3e02418099f4446
290,905bee382ef7039f278df955fdb89db4af23f625
1096,308d034c4fb0ca62239c1dd63335ebc981f8e981
0,aa02bd62dce16e5e04b7d4d515f9c6cf7cbce7cc
317,e7ae8b7326f3a3dd8d0efd20ffcf533e5493b895
594,ad8b61d809b5fd15dea9ef031d14ec8055ab9a03
0,4cb42512b71cc1d410c0b438d4b0ca80864daa5e
347,95b26428b0deb9e58991cc5efbf26b5275799706
277,7eac96d5dd658a7168d0548747fbd205d3c918ca
1163,6b7f601ad34d484b7c63a7711d7964c0beaf132c
1181,1d6dc496f13d049caf6b2b5fab50cc9a3561bffd
1638,5197ac9e8393763dd4ed58f5f1e9f167e75d3078
1493,5197ac9e8393763dd4ed58f5f1e9f167e75d3078
224,10c79a3d1ba65f6b99a330e36c110bbf2f2f1b98
702,1f672cb7befb8f6bf553fde8c87c7e6238c2ddd7
1447,62b94a582e9c2c52b6ba512304dd36df9897da6a
1242,a851ddc46955ae1fb35c621edbaed4daae7bdbd8
0,e8f874256a9a239080add01c197fd3a28dc94853
1314,0c1b4a1e07fa6be269615c08a3813af04a71d46e
210,89653f9f373aae95cf04c32b4ba343bfacce5c2c
166,758cc1bb5abdfb11484d0f3397886a4e7ef80d5c
69,2eefb042eecda11982b5da6f0da2e218f5f94290
0,010f8ebf35a322604d6497e175a1fe20924a991d
217,ea6519794d19f11cd2540b6e46f56f765cec74c8
1098,03e68753602be563af8d19c9e62659ecc9cca67f
922,ebeade909b952e203f30416486ee45b7848d1741
1527,d3c09ba44bdaba2fe63a3bf8badd2ea4b9f567b8
1225,f5b2ef2651945b120c301bbcaea773f75ef3c3fe
886,bea695ddeee7f54b7128bc916442385bb02f0a5e
1451,dc3638afacc5b7c9e0f4e3aec775daa064a71a88
101,ed38552e1bf451dd65e14117f276ae02bda35811
1287,c3e0b8c5bee2314e3c4799f7fac411f6f38a3f70
838,ca18680aa892900773be3440a58f2cd63aaf7b44
764,68f00b01edd76acb20a8bb0fbb1e43070c1bfab4
1285,84326249883a55eb502c114a3149c52cf4297425
608,5a2a2562e8231d1c7e159023bb658d3f675612df
1505,1d1134ee941c6a06804fdb5fef536e3ed95ed36e
492,f02c4bc7ed3b8dbff4864949b3370abf54f34428
0,b8c11c6c9ce4777ace544427ef9685ce9c56864d
1394,f88d7dc297f7b72127105605cf46ecc6334620e5
851,8a2c0f3e24424e533b253b7110615c2ce75b043e
495,1ead75a2ca54aae059619e9b0c033533fdda4ef2
104,dabdc0e22ce8673ca0998d6e2e8285c184ea7339
320,40d13893127859367b9be568af7a2e444f3114eb
479,fed7d6133df15b27c2d210a784f4a0cbea7c9dda
1013,9bbc7a0c10f43a77e0b7459f1c15c4ce7addc184
0,9cb904515a81533b67de16c9f88278a5e1983edf
1364,d520c597df9caf412ee59cff8d44a1dbd255038c
248,c3b4adadcd40e11b037bf8670411147d1b9edbc1
163,c21e773c0c8c3b6aa46415fb8a7bcbef6c4885f3
491,d84e4c0afad28a72a4d5505b8d3dc12e0454bab0
1425,f789bd0de54514e614334b7766f07d4ab5d21129
386,6dd87dbab4623a4fa35f52c13ec979c791044e38
1008,d994ab807a6a08965be959d17b9ae3157fb75971
1385,4f668dba945e2d61d62d37276a1d4a03f3b14276
1427,7afd9f4cf51c6ebde450d57ad756d7fd7e13b326
167,6cb5b69946c6ed51c53051656d78f2736aa7d8db
1345,c88c240fc6bb33a8206ede54d4bb81c25e67066c
1488,e58f704e276f6dd736a16a2db74a8fe6a80db1c4
688,d8e91f904e3306651743e1ad2a2c48e4f3745248
186,cad7b5ad6baf9fbbc51e7ee32cec3c4b87dfd269
1141,553252f9dd3b744006a1fe755f9ab1785ab47e62
1239,77cbd83e5504480667a57d06354421e2ed29cd65
0,ef9062cff748a220351fb9ea7f49853d136382ba
840,e9cc3238826c6c248b6ba69eceba6807ac9defeb
172,217b964e9b54c0ed18c24d423ee4472e38ee034d
584,41b0a8bc33964f7a1e5e186fd125cc53f1de2b52
65,50629d68e03c26080cbe1800f6f7a07f39b3489a
398,aa861a5018495d48ddd16f95b4e715747db06fe4
300,8c68b31cf5d346d001cffef9cf28b4b819c06e90
1211,31cb292293bd539e29458896e78bad5d72b2b895
679,a4fc290a53eb512487388ff87d52569aa8adacc7
0,1292145799e70890d4898353e4f5279d0484c5b7
901,2ead329cb23df8561510b4e3ca191cc77a6605cf
1030,c20d04cde96a1c09fa9819c870d22acb8918d906
1353,072f1ae98e47b54aa751499832f60961ebe9677a
1399,d1c79edf5596437dd5980fffee26c0da5f1da432
1597,7a50a291b4598e9809f9acf609b92175ce7f953b
1289,e90d90134e9b2d32ab61a6ab31a05f84d0b816d7
833,53fe357aba3194ae1cf3a28e056e948a629d640f
1202,a8d3dbd11adf6bb1255cc8c949ef004a78bddee2
1410,e93f05d642aa759cbc0a69c9e275d39167e34f8f
456,5deeadd52fd9d781619c96fe1d93df666f2a8109
1590,b58df10f4c822ae989bb436734880940e9063fde
1020,73c5336bc755373b6edc51d41abd2b6453b3da11
1281,bc8eafdd518b121fc79377b67537f7b0b08d38c7
183,c4072b06d611145eb6a60b674e9df0db59bc3c7f
10,6dd23719d845436af4759fe8669154ff8074e1a3
414,c4a0cb9426b7792d4365f0e419917cf85d6e5b63
1296,7820b672466e2c6ba55b8c8d6c12ebe0eafb287f
1352,9e6098a25b1968d239502651d634f92836eed1bb
1265,6413575104c174922ccbaa4a63f3e815c8bb90f5
1377,59cd40a4b32eec1d5eb4539781b4e59e6486787c
737,e1b128959e1109a067399cc5670d75393f858ecc
128,cbe629418a70ca2ad9736e40a4ff92c1a7eb3d32
0,9b4c1693d9ecfd00a59d83a8952dd5ce04959396
1482,4080fe4ce74a7adef18330d4dc49667e5219c2b8
92,307994c2d364e009c1432e7c34ba971131fc6ece
1155,c233f90323d2aa6413035c694154c67faf4848c2
1202,c233f90323d2aa6413035c694154c67faf4848c2
1574,63b765abb305cca6d726f54549a92018754a6348
131,0df97e3106743bbdc8ae913b3027e7c0360e0c0f
1271,9d7d6151ccc387fde6bbe092d2cedffafcc7c77e
1409,bef1e8e81b69c968afaebd747efe07a956e2211d
1030,82534918c3cdebf610c8c49c4c4ad3112703eb64
879,5ee07e316a372e81bae135153c1157c2ef276562
181,3af7201cb7478913993507db6cf85e41bc94f05c
244,6214879061a9dd71cf9ff6027c712edcb4c45874
161,f5062921d65ae46431c4595d56f27b44058d2f41
523,4a31f91b01b79b741611a300262e2eeb2fd12378
511,d4b792442e4be3da8acd009f90c55b761437906e
0,d5af57b38606e96772bcd0344d489b37c8419077
138,5820585d1fbef5cf715236ef62a988bdcf49dc39
1493,0f037cb03e77c09627c36962600e4fb00c4013c8
897,131eb4a1f8d2865e62c97779ac59dedc365d2988
937,eae542027e78732bff9a553e238683dcca08f94c
1251,7678af4d27230234c07767c40fb9ff2bf3e8e203
1598,1f17d23f6095e67a2f8d188f4817e286cf916e98
1268,7ee9154fa43f2550ce64bb81f3e2bcbaec04feda
734,d0dbdfb7bb33326e6157cc69c0292a40dee1d10a
275,fa9b2b1b24568176255b9406ac17ef0708d9dd42
1059,0e847ae12d1bc62c9f8bdd16aa3a7ba942c622ac
488,20fbf4d2216b0c0dc8abd4ae7df4e4cacb3e2c25
584,0d4cb371d24fe83f3d52f5ea60269938c4d0ab70
393,ae7df11dd9aaeccefcf0987a5bda711a89bcd972
1555,0be2ea46aa3a700e9e863d0c5f75f256ff56641b
1296,b60c9090cf6823b04b8608b4b21b003e3d5367d6
236,3aec9dc08ec9aa779de2c7058079f1c67021cb70
49,70123b4fe00f19b99c098f012b77439ffe5d8356
948,2343aee681db7e70e5b7568dc809eaf39e820889
0,deb1c161ccec42d78f692932e5bef19331695954
554,a12e609eb50890998d0ecc48e57916d7fdb92ed6
1144,f2eccdccf8066a8d140949afbaf7162e898140a3
1150,7b10d65ade075c00a5930437542aa87692c42c15
167,44dbc4f2acb9c5ae6fc7ae481c18bddf187dc19e
65,3172bd1bb1bf533b614e0311c3e5375205cc6037
1329,5e25fddbaedf0a9ca2daa54021570b03d1a74251
60,0391850affd7975616f57601c4250764d831a42b
495,018a14c838427581ad2126e601c470ead811b984
1411,a2339d02b15c2e56b74ededc143e74f2606b880d
904,e6a308bebe5ee5b4c45fed6c08cc7aa83bce85f6
768,8fa659d3db512a0f0db1af065d9445f093c8ec85
121,9e9182dca02ec2b83f25c07f5d834ea7ab818534
986,bb10835b8e092fbf709ccd8c55edbd078cbd5491
691,ec7c14065938798598bbb514fc5228156d8ae533
228,090e1886c7468c87796f92b4a6d021218e8dcd6d
165,7550a10b3725cf97dcfb9206499e854473520510
677,afc8abbd70f2a3c5df25ef06d4b7e52572eee280
228,d17537375235e0124eeb5ce7de5d3818c39113a3
903,c1d2cd13539c1e4c58cb013da6c63ed362720386
0,abb4fe4c8c949fc310f086f4397fe0645d67ba29
144,7cb1bd97d34439b21408c36586ca577ba6b0a7cc
1043,0a0551eb06149e2919707237f678e4e9953c836e
1574,dd78ed9479559cd222f24fa0be57655cf2e3075b
729,fd730ff6025009ed25a50dc74f7bae2283ce5fd0
246,6e3509bb26e2bbc7a5b3b2a78cf4ba0dfe1e921b
610,4ee6a1fbc4ffcf701582d75e5509f407ea371a8f
1319,c87196e4e24a758d652b5ba36e26701c35726654
1190,be945338d4cb09ecd3e165f6b322cf132fc027c0
1590,205896fde04baa774f77703c5867f09b20895e6b
417,d701a675ff403aeca46f1268c7d12414ae49da92
167,d701a675ff403aeca46f1268c7d12414ae49da92
1612,eeca175c3a838a8aaa821cbbcd8d0376bd17939d
295,8abc960f2830891bf43a706d1dc19ab60626a382
304,8abc960f2830891bf43a706d1dc19ab60626a382
307,8abc960f2830891bf43a706d1dc19ab60626a382
792,95f836bfb22663dee1ee109512fb202b7932ecbd
790,95f836bfb22663dee1ee109512fb202b7932ecbd
231,0d4077c53a79a61bea50dc0bc139887fdfe672d8
840,7ad345d3331db7a38ef100d2512f3145232ceedd
640,471cb81754b3f377abd077efd57f9ae9e1978f68
271,52f677a87a11a5d84389ad34955082776b1dcf7d
623,c4550a1812cbb5a8f6db8250c604635527bfd538
0,03eb0c2a1b804363b1fa430b6dfd8336f66c602e
492,669b7ed603312b6bfafa3c7372f7c8c378f06f15
1367,37201275a452d3f906eac6e10e5e6cd740b5ec0a
788,ec1110272a81664a92cdd3d7916551a2565e3b43
723,793a170399de40ec7da6bffa15e8aeb9368fbead
1343,abbf629a5d31dc5151bb3c394284f4773c816560
104,72e1ecc63bdbffb58c3a1f7cbdcd2a8875763930
379,b4d9cc8be1c7440bbfba8473ec1dd7feaf207daa
534,1626b4cbe0991c15147fd8796ac0b41111642ae1
1446,e8d2617d36d54371701707531756135147aed1b7
778,b0ccf74e0596e678c5d13cb065b3169d206edb36
763,e55ec3c0157b794e9d9058b974db50b19c8843e0
287,4b8c8d4ae0b18e25683342d41a4950388c8bd091
521,af0434f0518d9bbf53d0e22581d4591d05c9f590
1541,24cb5576f720737b73906ebb15be486d540ac629
1513,497ac820ac0652031ae62b1ddef3e85f30972072
91,6c76f3c12a26774bee72723bc60a5188e8127e38
100,1e67bf5c6abea58341d4ee3a899c6bb7cacf48ae
767,4e64e04a1c742f9499710e5877218b79cb5194ba
1151,e200147652165bb457f4b14de4ce96e96f98866d
137,abcb7f5bea440c59ae9d3e194d5323d847d62101
220,2f85f29f82b9b44509ff76de96321ace572dbb7c
252,7ea6efce2294c55869d4b0441158cb5c35a855c1
1006,d94eb39fa85641da388646a5d9e8d340910f7b8d
680,b51662be15e5fbce55e4c323c54fc064c0a65a50
34,5b40e01dd203d3e84bb27c6ab649e82ead952120
0,0336ea5f348d5f0d76223962d4f85f19dd61e594
564,5a5765179fb8e97990f6a5b04bc018b7a9cee389
909,2b5dabe1817fff5db738dce15446d2693d1084b7
1005,9c7a9e7488555d27bd7f6a0bebb4021671b1842f
167,69ee3e552f9319f5fb6a8475ab55e80534146d8e
392,c92666f3a7c0ea647fb94606f45ce9b108440a44
1292,209714387177f289273d64d48ed6141b9d5aa1e2
541,2f4ac68921f348abbebbb9e6434c9531972539a8
729,346c98c319c0fd978f8a0959d85452848e0e0bda
1240,26e532fd792ed08203c94ef02c480708a9e92d33
1583,63cebf76e9c7746a1851841e37f5873704e086e8
0,5ed200f6e138050f04943c400f512694064f6ea5
1230,b04eba0733e756fb367109613e61cd18a3a62d81
1006,69ea83dade036e74d5d0c40e3f060ba3ac4ad9bd
1028,f467a7b4e23c950e1f60a10eb122bce170c44aec
1417,4e1b7a6ebf54a444e01ffa613fe44a1f11f06e31
929,6a3f566d3d7661d6a78e92996d0d58f45d12eda6
266,a576dc786efa69f44e396bd61b59fd412e5806d3
986,cfd85f859c73b3c7899a9337bd4aeab5e1281eb7
508,20276b4ade92758323e1b798bbf2bbd134c0ee2d
0,dc6bf103f583bf8ab78f73aa5b6183042aa73022
1665,daad3a4ce618cbd05be468c4ce6e451618f3a028
672,3ffddc56c4d954ae8c03fb41f8cf8290467266b0
121,40aa3e89f5ef0e82844c602615f5c54184574b9d
147,57139241cd217b6e910ffefd5743e8103086262c
1346,d3db3eea1e667b144eaf40e8d506ce088a306534
878,d317c1cbd78b0d0b06464010f52a057f29eff554
1367,09b4ef12001f21f55089baf36a8a4281641cdd27
48,76f705e887659466f275f912fd3babd78d75e53c
165,bd5593f8d027fff0c8d0e4d879d35c9876dd649f
0,a3228d9f4a43f7a15a68d5b96d36579fa719097f
1338,7923646ecb3359aa81d905ac2ad98ecf6f71a605
215,bf717650b7d3abbbf65ce31423e8e019fa0ebc94
946,7c2b66444177812e26572e6d66a70e29a2855fa9
370,892fb11ea0ae7ef0bea23dd782410aacd59ba8f8
1205,2d3fed22c5b5aa7200b74b581c8e574dab8afc7b
1392,b0dc01b24aae9e583dd873541ab9f3eafe0b7d9a
297,05f0c82f93f41122cfb14aec7f8cb8a3d05cc71d
1292,f1c99aa6a03880f80f483d24ac46a0d097a130b5
604,0b04779565a30f0e1e6debb6c2ce846fb1df1447
301,8ccc7fda37c8b75066a545e52e6b92b30cfcb929
1464,c20eee89c6cc669494cf7edbb80255a83e194a15
467,11b9d84cf2b148c97420ca0ca899cb1cec2ed354
1221,a400cb8acb5ad65c28ac646a1b1208451e0b0c50
933,76e80dceb487cc9105b3e993bc9fadd65701fbb8
150,9768420548fdcd149e5e663f37207a5b6024712d
944,6e333b9dab6f2be809a73b31f492cf8bb3269b99
1190,be8e8a05152595c3b31e81cb2b3fcf54d951f4d3
310,3edb1a7ef4c6a2a9e7b7bb8cca1d5cf132a6c5a9
374,95e5e49d678e9c9f90fb3877746bc2e93e293d57
675,a3b93795bb530d9be3f7b3c2dfac8e89a6a980e2
881,c8143391050e7137a405691c59e3848e3086ff3b
1358,6a8cfcde4d862689b0b2db3a48328de4884f2776
496,5baba6ec444157370bc9c999d3b8f374d9d7aea1
1038,a793d3a64edc544ffe5edcf3f7c164814c4f9a22
683,f3609730fc992b310afe36f0fd08e4183bd53188
682,f3609730fc992b310afe36f0fd08e4183bd53188
1483,e431289d450baba0f73811335959834b11362a72
944,e48eb4cb394c8dfe5ed395dd77d769792c1eaa43
38,e3d68a056778871f98a8ba4f6c9dacf1391cb6a4
674,ff31f377268456d212763b9c60d9205acd3ab1ba
780,7cd73f5662f19c4b2f007d6c6ebe51d51d97158b
504,f900e2a6e1a5a60a76757c5a61a9024a6545bcd6
1059,5fc1b502dfd649c4c4112252309ef68f453c397a
1138,63546f99df425b9601511925e785fec619bce110
817,175701cb6261ef2f5eab9878d92ba10baec32496
320,5854423a402d08048242f39d90fe2a8647a9773d
721,466f8fe8672a32afd5174d29fef56e3c66f22dc1
315,36e4fc18e027beffdb85e65a2b0e1f34e9c7e4e1
1420,4538d8f33f01ad7a4541cf2b8bc265049363c644
706,d3ccbe045f29d260ad27bf364047b59b939b1805
1293,9676d7a5a55b1efc6ad64ce6e93c94e2e3cc38de
1602,57429b176a94514acce5f6985a1299fccb8d115f
947,6db7f6287a5720ea3dca07c1c89da4568bb4e84e
1148,ace4c35cbe87ed4e485e68173dc97b9a50700a69
145,287b72b3d6358a24cb725627461aa06c1fa3f0ff
1194,0c43ada4a6d5690538a326148ff643647ddde44d
0,ea1c577e65d7c9d5000aa3ec3d5a2f445f43e807
1667,ac021efa45e4706ceb309f6cb578c1d6910daea2
47,bca581ef8a39e41b7ddba8322dc05f9d40d6e3cf
321,3dca4b59148654d617ad580a2ba7641a95d9d1a1
1059,3d4e6e2e0e2e2a1f8f73f7d83305ce738c5fb477
226,e73641946409e00a6680fb079b3a70904647e0e1
492,5528154cb7636e474428d77639b8286ccf29ca33
1382,0080be59ee880a3007a612f43fe6fdca86556aa6
1336,bf1d130e3e221512b764f7a321ba608dd7efbcb2
323,1a7b47aca1fdc8ce360bb96a44f6f91af33ae801
622,dec61dee27807815b9308b75213f067a53c81f32
1103,bbf536942a6044048b6f909dfe346268f5370df9
472,a492d4a7c60712e003f25752d84e7ed4a8eb4cc4
986,9a0617dd700bc428746d9ac447f6dacfea0074dd
846,60fae60a240bfc3880717f96ee884cdccaa1c5d4
275,b879eb29ca15ef44c7be85685a5b399d113b5d32
557,c31a625a813efe311f4c345f364db91db365daae
443,cfdebc84619d3df3cf52bca79dab98269d4e8899
138,a2d1b8050942e0213828d2bc7f1e782cbe51128b
879,d8629d6c29daf985e5b0c4c8aa179355a90be9b2
482,13c4f5083258b848dbd74ff38b44f8f67ccd24a1
205,135a84023a208a1c9de9bcb79da6b5ae8c3381e8
1171,402e296c5efe03d91a8ca8e962705bc79b2b6f23
1109,6413ec447742fbb8a86030a7ce9cccdcc9e32ef2
1438,dce39e6255de28e7c5b9ab534635ec50c80c26da
990,590ffede5cf8cac72c6c278b09a270bf99c13c25
0,d32fa5f95e4e351b36423b77bb32367a546ad0ca
163,ae92fd670708da5dfab8068e4c766c4dba668cf3
221,65ea79f03dc80e2c55906e1544118b4ec1c3d1a5
1364,9a7458f2bb5b882d239c5751b6c4945dafc7e2fa
1127,dde8b34fdbfb0634a51824ed45ae419eff313212
688,96ea50161aa164271e335061f7730844865b8c62
228,ae086da2e70abb2c89d17f9bd9f8d5343b9cbaaa
270,3a70a1066390b3e10c75799d915630f29a3e4126
688,8150e795c22e43ab7cbb5f265684bcaccc4f2cb6
846,c590f1b006f6c186ea1e98e9aaea27df66f83f98
75,4a8639d8bb0218796d7fa0b433a323c5827f4579
190,fc74924ecccd7cccb19f4f68961e1be55f22c41e
936,4eac2cb442d62f12e532621cbcd666a0237635f4
1390,f6c9f3d475b23da31c6af20b597dc6b313dfecc4
378,31d93a8ac65fb0878391d88aa2166762a28ebbf4
683,a6bdcbba056612ad4057e68c405527992e8a958b
682,a6bdcbba056612ad4057e68c405527992e8a958b
854,bc9aa53c3fa0409c98801bbc2a58af6d48dd4c94
163,2d857d59170a947427e7c353c8e57dff5492b927
1433,235b6cad6eff26bc6251a76f17308961c3997096
0,e6645fa8d9896b9742853bc794e40ccba1ea0693
196,24d6e96f23b29894d4e3441049a2f2f8a307d499
302,355a5171cfc251b15fb6491851b52223a59fbbfb
552,328a543e60954f3e7c83a58af55d15d76804991d
0,f879fca57d41cb16830f8ad5a5202e38536238ad
662,8205dae408407f764e8f7bdfaa66feae7c94b32c
672,5fc5b6505fe3b8aab755eb8225f73ba6a73b45ef
167,0971a5397dd848f5ca34e9e65e6addefd2b7fd3f
167,2b4f74cd17260e67093e77047814160634a53392
228,32f5f0940dabce67113be97b15a87cbb52e5ce5c
1077,b90e8466bc9a4042a648f7f73173e58e012ee8d5
0,acb473baaacf11fd22d0b4ca346d3cc138ab0269
211,504c1677cb19a97c6a9f15526cd509bb75ab7366
136,b80b5bbf6d354a1f522c25def3ca2139364ee075
358,8b8b85aa0ae824b1a04e80076ae612ef27a5f1bf
669,f147e17328f402f6a6580878a3a772ed298f2dae
962,d1e5295b786f159731c348671d63520ffaf7167c
763,efa490c12b86034a26c9534dd6c9459550da2e5e
452,a6f25769c57d27be81ff030704fdff22071790f3
992,f58960dca071c6c0d4ab46e3bb19b428ce8f0734
1522,c0f44b79ff735d8e9e95af46bbd6afcdb97cfe65
0,c4d5b16c52110491e8e690cc963a8d6c186be301
0,7bacea948155a19cdcf1eed989cacc4a97e30c6f
1347,d0976522fc36999bbd1df82bdcbbb2c174539c09
1580,45d88031c8e782a624eaf6cefea9700600805647
628,6aa2bdbd288919f6ac2c97feae8a066b921c0150
167,db4c0c4a57f87671bdaccf9756cf97bf7378d209
110,fd33ae90dee21a7c665aafa66fdedcb7f8afe43b
17,6f320d75de13a19542613c35f96ade30369a80aa
1310,4d4efb0cb3ce1ba12009179b38a848460cb076a8
1250,17f63629727bc2b67fb6d0ac1b0df0f15eb6c257
600,e04d6f329b74538370cf2656d532aee41fb9527c
138,8a86b759b428f0f111a589814812088f23409521
1258,58cc1ae19757e09389196dff605359be72f797fe
0,1a676633f7331818cbc748ac16a4415a1a815ee4
1019,9dba3cc0501f096ef2e569829d9f18e275334907
1564,441460e77cd38acc684cb2351dad5f0e6156c1f0
885,2f7f0dc0cfd8c31e4cfa54f397866b66c6dc2d21
126,98a79f4765cb4a905c38872a617df17a90195f5e
1197,fc209b78248d6ee12189763df5e8a22118f06e3b
1517,5f070b4312060a04e857386fbaea9a189a5a3727
248,6adea873190067b9c3fae521fc2b68a2316ced97
88,45e0c3e4c3190bc3c708b853641d82f0e3e9db3c
1188,c36dc719028351db110d0acaf1fe65b846c5c258
1312,25efc4357261656d5edcbe0e2ae3852d5ebe6100
1502,9a46c29d010c36c090a14aca84d488079eb19247
1611,379863d8f9dff8c0a42c341c68044c9c52b597e0
924,3a14a77f222e7a276d3719eb9af005926bd61e39
1272,81f7dfa09091102911e1707082a30b9962a60034
1339,1cdd0956f8e82c9ffea5058b3b017bfe3fde55cc
1261,6d8fbe246b46a1a935767bb4d2c8be7e27ec15a3
180,506d84d80dbcd4eb703ec6fb0370fad06fc9d13f
359,100fc63108740d576f3fd68687955f1a422f45c2
849,93c7800834e57506bcfb5372a50764ff846cbb1c
324,cd19bd1d31acdd27b7a8de9c81d484c00999b93d
104,c4ca4a1c53e9373777b2d1521d10408bcbe188c6
848,bd7f364c9ad10bdec910aff5c8bb7865e45c3676
616,f5bb6b7eadaf63e07a79e5c13a1cbbe59576538d
1012,8dd6dba6dfac61d8e74859827cdfd564bdb0b27a
1157,1d3131815cb929a7f1e580bce825c29a6848b41c
977,dd2b1986a41c8d4423bba93064c47739be1f96b5
1496,b0036a958479599ed15b9f29752d47c33e31b613
710,a8df4a23aa6eaefea26d72a822b4710da991ea94
1357,91095865ff06c3b77efcb3d9514df10f70f95912
843,f22d03cb408c1cc05304f9c1633620f0dff49b67
1371,304fb0f05af390ae3e34778f42aeedf84de270f8
648,e23728debd770f4710d9455c5bb6117b3d864ff9
685,1d21076b4a67367f912de6762b4b4723b76cc4c4
1347,beb2ff38a86224f7855f526dbbdaee3727db779e
1537,c43287f816aeea6d3aef21046d420a7c0c37e57b
212,5a58194a49120e6c39bd7a8a762102eeeda68a86
519,cf76c3f875b935b68db345ccefc1636224487905
1148,86d269b3104c940ed8ff0d065332e0af347ac523
239,166b331defd0203bbf63569918dc1b777dac6ac5
1254,6b6b8a0211bb1cf6ba201e05e687ac8c1f97666f
0,f9f7a6c62c4fc0e2439a930a2f77b3453852cbc9
910,7bfa45c6e870935af96622d96d622be242bb4c96
1045,ba4bd06db2d753d75b00613ade842f5c90f543e1
191,26bca69231fa8be2b3e4dc4d1bd1e085196ad7a3
0,a82c0db21096f3ef4518f7108441701946ec98e6
1104,418f643b2ace74ce0cadc0e5e2d7808cd65674e3
300,43a96876a6ba242db43090fec3bbdad1ba6e5bef
505,6c9a0234c234250eab869c59e27bfdcf167723ea
323,ad32b57995762e36a26edb4ab43ef10d3df841a8
1615,61c9e1a92975de5891f082068fb708dc30cfafa1
299,0083108dea189e391496e21571c3cbce225a8755
824,437d9189078a12efee99d52e51b5018e1786c7ca
362,4d434adfdc9c8742ce73ceee66c55b26920be4ad
0,832b08c40752b58a98e1a89891a1e0ff54094910
1364,8552cff1d923d91c479bf0ce40fdc96543655529
155,807ad49c4b3fa4a4f558283cd4fa2d7d3cd9117d
47,119a39d4f35126ffd2921175e6a96367ef5adc46
1214,cb9a9eab9ff7dacd3efc7df149f2d1db6ba6dbeb
412,d99b6780a5c58ee7fd4c54b2a1caa763f76c28e1
1681,ef6d93a34035c848335af57289c2c0acb58a2e4a
846,45a3cc11f74c55367151878f702cda504d9794e1
1271,eae8c6c84b8a6481d1c16feb9c6627ef6dc03ee0
291,297bef58c48087d8ee321cf457f155cfd1b5a260
374,1ec084c1bff93440ce33bd1460260b36373399a9
492,d457f73f1b2fd165c574213523b0e323ee54795a
339,c9c9b5be0b3e24f31ba0ff950bd2746e4b65050b
65,f0c89957e530d2429c8fce291c5eba0569680d08
421,2462a10ee707940b10a7fc602ffa2dfa958d0d7c
816,7be37c082b016c9477955e14462ac4c335f50d2b
1259,33af892642740f01291ea88ed30bebe2626270d6
745,c3dfffa3f5b9d7cc060289aeaf4e980d5e1d6e42
157,288156fb37e851730047230ab8a040193981b17a
1059,aebdfaf6f87a8b89449ba0eb5020a60ee92ab22a
1467,52d824f3ea1f1de9e371b3d7db89ae1c7f688ae2
1649,864ba1aea23ece6491acff38adab0cd1b0d29354
283,1db8ad4c4f0426fbb7973384cff41df6844abd56
33,67534ed15fe28fe74751642509f5d6bbc38a353d
929,1371326369e3ca9b019251a19a1e91a97dcb5411
931,1371326369e3ca9b019251a19a1e91a97dcb5411
17,72116a08a73d0642401bbdad1f728109296c2665
1413,38bcfb522c7b6a33f55d9d7472b5610754714f53
287,515a414a4ee0bc872621fd0af360d7669e6806a1
1113,e7011776a60d81073f21306158f3e9ed8cfc1582
1362,17ab609eac44fd5f539f10604c664a2cbfee98fe
0,93d60a05297c364410307d0c5b934e77140d49c0
504,981b4431e6ad7f4194687ae8b758d2b1a164c101
1532,575f8c2bd491122e777523bde284eeb6def74796
925,7942746edc830e88cd4ee8f55ea1a2b54d0169ea
444,f41456bf87a9852ad18a3a97d1494fe3336f31c5
0,8da586e7205ac0e7315ffcdeabdd59a2a961cd79
566,a9234ce16d6ba605747fc641302ce68aba303495
877,3631151aa02e5df237b4f20be673d6fc5d299cef
1597,377dcace16fe4fd77baaab91ad575e9da5c49ac0
138,5ba24cb62939b35f5336ad3aa24119c0a74313f2
297,4097e10dcf621bcc12c69d209006a2add83fcd81
294,4097e10dcf621bcc12c69d209006a2add83fcd81
833,0c9478ece1a4161c8c0ef0a75ad42cec5c560e2c
1346,2b8bfc2453b9b061d23b710241b041c4571c182c
389,cdb8e6d9c9e049ff9b16ee93e745d20f59ec3b00
828,31f5a5f46c56ff29796302014b71ae2f11c4ad71
546,ac28cf4841459c785e4beee061cc350ce97c9838
1296,3241531314b2e388f84ccce2f1b3c6b0311a2323
722,e7b1934536bb9dc014a744406a7122e088f2a435
763,b59e46855e589f31a5a6e831a90beeed34e03c89
1696,1f9188d0789640a6514e1120bf4b44061a886165
798,5389d76eed9ce58aefd9b08e0827ce48ca6fea39
708,96d93d4325208fa4fe253d294e52e983dd798beb
513,28a69a00105a7f1001d4ff3f803eedbbcb8a6c2c
410,9d5bf2d5e6bcfb4cea7eb259fbe73ca740584e31
353,bad696f525d524170087a01dadcdee0ff829d411
1493,310534319ae8df4cd95c3ff044afb6afdaee2605
659,6063d3f5927847c6200793beb798a7d30df5b811
414,48840c1fe40e8f66ecc0b23a2ed51e4f162b1915
1615,3c88f50432dc8dd70ab7eb03e1bbf419f3f7ab81
963,da7c5b68f0777b70ed305df3f8adb0ad107dfe76
1420,d51639d615a0a19575f45188642c6b7a946bb44d
1371,05e5398c029ef8a470ba1b3fe53e3e74fe636f26
1347,9ecac13b6221f4cce0326aee2dcff1b90e5896e8
497,7be2356a7b44ff6a67ffa158525b41addd02a626
1349,95c68de3eb275c9333bd067b1ed1cf00e7fcb40a
727,3e720bc9cbafc163018f92695c374ca004cc13f7
291,f254e9c08c8b6ffe832a5da389243974fe62f452
971,1de8cec0ace0a8026f8c7b4e9fd8961d7496b2ca
373,abb9151ccecf844fd9976158f68e2dfe89fe2f9d
1091,1b50c196538a1cc9223f67ac4e41927790b98638
1595,c9d978a460203736732af546f8b88120795c5d33
0,60314413d24ab8e34130ae565dd2e17fc44f7f8a
588,c36923f525ef9be0f6e11e71bc892c52734b7b99
104,69340abee57c256c85e011fd219696d17f21e861
1217,4edc814197dcae1c4c085b326aba5c4ba5c73600
743,b185cd5b34e9bddf5f7deac7c6af2032a1b37eb4
1416,678525a86e75741ee6426efdd8b163b6004efee7
469,2b14be2eb134d16be0cf20704af38122a3f68232
251,66174ac4f0ca1882d1c6ba2538ea32de859c25e8
569,76da194b25659aab6bc5ac1ae0787376132c950e
1010,39b8c2d006a2df6c1e919d883a4d220148908cec
636,f29a874f803f76c090c55db9ef02a85113773964
167,7455cab2a8cc433836f800c25d0bc3628f87fccd
278,595157bc194375fbc2f72a4279bfb9bc3ea34ef5
236,d41b3609f226d921a53b69ce834a5c0a8eb1409e
1005,2fd2aed8702c9bd4490978f9c0eee2f27ba66958
291,1b4e01f075d3e7d7148898c0d4127b590bc0458c
228,bd927c9fa965fcdca99cc0f525b3f3e439fbbe66
184,acafdc0f0fe155b3063e65fca4f935304822b437
992,6d9179e1497f89a3fb1703c31918f9cdf46b60a2
1427,1a9d87432110ab40723e3e21691a2f8d66a776bf
0,81838f2d8f77cee2e6869aa8372f51401d8759a4
300,5b965dfcfd697faa04175f312da8bf516d5e5f0f
1415,3e9cd90fa55c6300d60b36d1d02bc9f632625412
166,fab8d87d14361db02e37ea756e9b1640b2f74ba0
761,7c72dc4fe3d80a30d6daa9dc8b20973a176580b4
811,e498621f5a46872ffd60bf757b96a616e73ffffc
160,d7b9ef38320b6b2e44e287fff4c4ad9f3cd31fc9
104,ec698213281e7115fefaf96ad17e03369504ed29
1189,e5ee197bb70a5d0458f45dc93a1f4c8366690109
135,c4efb9f45815bf28b3286f4e7593767e88753f35
445,622a9045889e73beaaad1d23d7e7dc63fefe7780
503,013d0eb78b795ced6f6b4efe63c36f5df5a35e2a
479,555cc737089c6d6be5d390a0928464d28bee4cef
590,466f319cead11e9733dbfd0d25a343627e102aad
763,d10f7096b9decc15cad55f4d7fd46b4feb7bb88c
1006,a344c6be5962fae2f762b6a487065fbd06673e25
1199,d54c59b406def0d478e2c005e49fcfaa803f6b2d
0,7ecf707b3e27fd665d74419957dade54755b57b4
644,d023fad1ab0f9443a4d67f8924a42907d1616940
1131,a3baa242603d82f1cc34aec3d08562f76b9ecb03
133,9a23b72c87ae9b41aa99f3a9e177026ed585d29b
790,9bdd41d9bdc60ad1f6d48671b1a341c33f02b8a7
944,cbab3380c963f42f261ee63d10d1659344f19e3b
1182,2359f98e7af58e46f2b1b4a87bd5a690ce859fc8
1655,b988c493b562ceeaa5f82027f108c67d06c1fc19
622,4b30ce3d047911e9f6a9924a2ad6ea625f2c99b8
765,5f76b2ae7567970adac579e34168cb18561aa847
944,554bcb9a2d7dfe1bc7c4ef2e2e9a562437c62082
643,a116dc7085f78ae025a7d13c0ff078a1c71f3f4e
784,22dc9fe1e12db6e672e00fc885fae24309938423
82,42d0bd0dc2dd67ba3bb415b8d9a1562905ea67ae
1112,6a4942cd0fb2dfce2766ce070341242ea8cb9086
1214,b35e54fb71bfcbd5563d06eea5145fab5ec9ad1d
1118,606139dff68790be49816f8857fb22f5edb17020
680,8aecd6c6692856f92dc83119b2d2a0ebba36a0f6
435,237ace3aa6113adcfa4e8a8049157da4818611f4
673,0e23821df0e1b0e17d1ed7b196ed5185f6d2db33
338,4226bec4d17550cb3358175b3a23059153ad700c
167,5a06fc07904e6770abc315e7640d284598f18307
427,5a06fc07904e6770abc315e7640d284598f18307
1318,f868a68b7eb416a6eab16c1bc5111a9304abda78
939,f4d9a5b22e7fac290b74717a1f78c908f211d0c4
661,80366ee59bc003a5cf18910340bd3d2a08d87de5
1384,e62e64a1032b74e18e4dd4c1f9ee54826ca8e5ca
879,08e65f66279f03caaa46f789f20d17d1db36c78f
1578,a8e09cd3aa1c9d6fdda2eaf84f86a06a33963658
102,a036bf518f7eeff363cb35b45208a2b2415ef195
0,bef33c44c6165c5c96c6cbae7e8d6f14bc088609
1343,5c9a671d5f511bc01eae6f950023583f3be90182
999,9ebd317942cdfd90395785a3cad7b2f571f9bf63
462,8a4161be2d63acc80cacf990aadface9134a84f0
859,52ce4129a013933836b4bc6ba1bde282810f1959
387,28f38a05b24156652183f01ff9bcac5510291629
790,b35c86bf5ee4b773e7cfb5a57de449fa4a828660
138,1970d8829a0290533db5d03c75c40e5c84c0d269
790,528ffcd080419a6fd5edcaa49490bb5c2260a1aa
790,33414e645ee7135176fd2dd66af19b90f0df8716
1356,abea22627dc67d6dedd513c9000b64e5728aca5e
13,0cbf4863ba03502dedc0d6f77360224356f461ae
1390,6b1be46477855d652fef9a18b7eec86e50b9cf6f
103,c2976b2b77cc7aaa7a32ecd182598bbdb1ee231c
158,accdbdbd5c33500cce48d3c72707d5f8ff9ce837
638,b479bd27035f0222df7176816afde0b14cfe4418
400,e970c0bf3293730da363416e9251930a8bae88eb
1662,2ff34a0ed3a1d35d5fdeef6cdc1f576931104b8a
919,05f9475a731cbbd00ef871263436410e7998b1de
1240,10093c97f3dc09660f839da83aabfc97e20fef93
180,5a32a902bad5b56bd39193bc7dfd2b86ef11e769
1480,cb6abe1f9b54e35be1b3189422b91d395f732031
818,bd654ca4fa9311d3a4b9db83642cbb11318c7c1e
570,0ac86361e072ce60b5294f73f2825fca8b313752
1608,6dd0c92ddb9dad2627e9ca5e28118865d6fba159
428,0acff21d032d4e12545b84cf2d0aa92b16500fb9
1427,c383f0b6308d5d11e297eb64be1eb0fc875bea23
1610,d9e26c64d620d723c94386e1a5ef9e70588c31a3
291,67b36047481fd9dcf85fbbd5ec15bc39c5f8c6b0
575,85ec3a32bfd7b337c8cd45aecac7494c429c462f
915,522dfbb7699cecc24babcad3394935cfb21f3a15
225,a435efb1a63b8530bdf120ba9965f33fda9db92f
603,9703584d0d86d8576bb02738fa31736d8bf3d8a6
236,2cea87aae8731be7b061c4030810b4032c491b2c
137,781d81bf74b066208e45eadfd40e48757a9ed2cd
72,42592067e2ccc7d998d7dca4cc85fa257b8165db
237,48989a4e0740ef1a25c40e37b7716e0b505a9aea
463,bfa4da7277221d064cb00ba3af370171fef72caa
26,d085b9410dd196cb65976fd984d3ca5c40063434
966,f2ad4e16e7778d6652d3383d402e7819d7629dd6
204,86b25164d41a708e6bd852172e19f46ef762861b
338,75a2a7068dcaeb14568d52f3554babb3b0289ebf
250,e3fd6a4d1459d7a4893945d8cdf405d97d5a4663
1276,f75ea67e61cfbd25c2bf1dc094ae6c739831bb43
1347,58546105b5680bae0993fd9167fb97b1b65e2ae0
770,ce3ac7947f5425437f449ee57205c124391cbded
1523,92fbb7149134b685891965fb5cc5982505d1457e
155,6fc9667f092addd03c9e5a98b5eabb6561e1c395
1568,a80974037853c5227f9e5ef1c384a1fca134746e
1569,a80974037853c5227f9e5ef1c384a1fca134746e
1541,a80974037853c5227f9e5ef1c384a1fca134746e
513,3c9538a43c1c02567f6018cf3bafbeadb49b7b65
0,01b48600034873ccabcdfc7a9ccbc0ca9a10d100
1148,0afb32c6d15435f37711655b3099569ee4673774
275,ebf9a4d9c26c182c26d5fdb3ea4b1f12ed19a7bb
406,3a1cc8a7de554d108f0fa5c61fcb9eeb43308d8d
420,93a672ca0d1d7e0cb1cf53fcba9999c167830f50
163,73e17cfc4e178c81e47b689426aaa87aebac2985
1563,089275713f5f49499d939569fd9929f2f50ce1f3
809,434b9936259ff00ac6772cbd0970e7dd1e24e24f
675,6ad3e135004f695f0a795cadf09d39f4a1b74bbb
747,b722041e31c83db3935256bec94ed4c8120e7f1a
1649,a551b15e2b88b32e12860f8c01e59a8999700d14
0,cb9be1dae4352c2cfacf9b4732e8065c062a9230
118,96bd5a3b13d939a82ba1aaaf2607378129bef3b4
402,f9406683539f5a3ecefa132ae7cb7c83e700d94f
929,98f66f4f1c2e2b994613177fe05fa130a09423aa
931,98f66f4f1c2e2b994613177fe05fa130a09423aa
1073,0ab9b15356197e7387714484da9c1cd39a555c84
0,57abddab07391f5b1ca3d1e9756c8ec606f4323b
894,220e11992cc33c088c360be948c0ee5aa365e4f3
588,05a29c3f08b8f938e98c00703588db145d09f6f4
509,2ede1c0d067dca290150c3a9be28b62743dc9130
290,2939520a476e10369e035f61f0bc251aefac18a1
313,235b944133bc4c44ff168bd8659d62ba652a47f1
312,235b944133bc4c44ff168bd8659d62ba652a47f1
314,235b944133bc4c44ff168bd8659d62ba652a47f1
1275,eb465f42c91eaedb50030ae19c24315c621b8833
819,c06c89ae80b6279ffe78156ddc650e329bcb6441
708,9101588c917614dc5ff9c589a7bb935042236d0b
211,4f91f4458bef5854c6af5a051c0ef788c0e0f774
209,4f91f4458bef5854c6af5a051c0ef788c0e0f774
208,4f91f4458bef5854c6af5a051c0ef788c0e0f774
263,4f91f4458bef5854c6af5a051c0ef788c0e0f774
267,4f91f4458bef5854c6af5a051c0ef788c0e0f774
265,4f91f4458bef5854c6af5a051c0ef788c0e0f774
269,4f91f4458bef5854c6af5a051c0ef788c0e0f774
268,4f91f4458bef5854c6af5a051c0ef788c0e0f774
802,80cfd1c4a99eaa250d52655daed9dd856f139e1e
634,763433cd756da7fda62e1fe6ee60a52f2c8d5221
104,a4076014395b661c29346f495211fa6ea8655f80
790,5212d25bd0b371bd2fab261d8bcf722b3eb0b50e
875,8bc64151162118158ebc4b362be7d0f9709a065c
1639,ec8a5a006385c0ecf25f1d982ace83bb3c41e052
492,7c6f529b41ad78f6a37107372a7331644cf2aedf
641,be09d7347223baab6bc217502661e4caa69de3a4
294,a14c9cb094b7b5745ecd82110fc759c6466d41c0
790,15a7014e889513e9c4e6470a227b97dfc90559d5
0,bebbd10e4276bd01256b75bbac262d5305264b2a
541,3bfdd3a08ea71973c5f475ceec147079b8430890
1291,9e9ffd32f64e02ddb1a114e7df21108fba2f873e
528,9b7802a753deb776492d1370a821fc50829ae6f6
140,a8f9f8875ecb1fc61738cbd35357b1daf6bfc15b
302,ba3c70cde5315abc5c33926bfec4bbc7cea7a79b
455,0a8908e73d282173a713fd2d1f81e80fe0edfc05
323,bf7cb962c6aff6c6b1f8bc3190245949604ad519
829,f5ac4584c8600b8c02bf6d632ea9471436137816
963,118c25493d2073057b0617a9efb8aa42d52da97d
69,e84d6d27b1de1d5675f81cb2a150c59272338bdc
1522,0853c069f87e7e93a74edd79487c51b945187c73
792,11763fb82ee9f90de3a8114333a9ecf405add48b
992,25d59aa146c7edc802832cbcd5ef076ba4d92bd2
1202,f95d551355130df5fd3d147caa6f978ca98c1de4
840,083eb988e4bd6426e6aedc5b60d11a199300c715
884,b5d68c5a09af34dc79f54f81a32a36302885f127
504,f50b9a69bb2f072d0dced7c747cbf8f9a408f25c
1106,d51e8b7358ae605e0770f6cf8ba8323503964585
638,3e276bb4a8855734fa440845e75c9376b7a5cdcb
1521,1fb3f6aeed780f0362d63bed0b52a44efcb320bb
385,e9aaf30b941e696f7c0c5bf3c0b89007c4b02914
237,44127950c4c50cd2e73050856373bb33f66b4b17
174,5df646ece7ffe0cdb922a04eb8485aa1d7340fa3
0,cf1e1c4ff7302859505a3e88378a6fed582dbbf4
1089,9e1ffa407672020df5485c1373a7adcc2d03c1d1
1493,1be5a00c809fe0c7d26fcad24536428b5f0b564e
38,6011291b44c05112381cde6ce68f2e4e76fe45d3
576,234b35200c18e8a143a8f4005fc3ccfe66a48e30
431,74735db0c1b9f01eb7fc39376e9de26278b3d5b6
1622,cd366d17e1d9b4c001b0ffa08864e1ad5d21034d
838,f23eb85caa05801f978f54799abfffc0047a385a
1690,a3f78bde9bf87d3d37931f878015b490761e75ce
33,9c76557b8c373fad8bb5c8bc91411c27abe4f0f0
26,9c76557b8c373fad8bb5c8bc91411c27abe4f0f0
162,00dee57638092d89b37d447da7b662bce5f3fef7
1072,0bce4cd90a7b8fca3da894e4abff30edd78b1804
1290,e21ebcb20115462c7d8d6b513769f11b22f631b6
138,b11989c85e8afe871e0c2b595968f2e319f44cde
1061,1250c232a8ae93c76b28b0fa8b5267362e692d1b
549,ae8259169fc77e5a04c38935e2ae2a9561f77de4
889,b285e2d2b39b64b7f5e4c43a919ffad398af0b29
319,522ee0b5dbf30156745e9d66abb70149c4ec4cfb
1603,ee6359f621b508ab7f21df0316941e68c75eb3e5
1597,ee6359f621b508ab7f21df0316941e68c75eb3e5
206,b3f68574c107dffea09362cabc84e4432778f60d
1401,700224140ffb5cda4517f2d32261612b3d29bace
1419,dde5e3f7cf414b0d6eb88f5f3e337d1bcc55b4ae
846,08734219ddb27516e4cefcf79f213d66e86dd046
638,b0ac9f5178fe52ed4b7e82feb610ffcb1417da48
1590,c7241d5875a933a0b58cab0ceecb8962625040b7
0,fdded755a7ba0ccd467aa52e9c4e0d524ded5219
1243,e6370c079379b5640dadb7e8f3a62068bfeac432
273,f89fd9a53ba114de0582c9a2e1b3667137273633
645,2feae277d324ec985d93624a4f34f66813e53007
798,3b9f63579a691838d8e8eec7af33f6f255f4dbdf
369,3d4e6f287302a1d1e6371688829a2c007f971592
141,c7d3f6da3c4fcedd001a6587c8194cac356aff46
1119,6a8de49a78333bbafddc9877685065d911604942
913,4fbfbc694a956c6e4923af27fbd42eb26467bb9f
198,ff7ab7ce3d274f200e8cc664ebf9b0b2e8c59b77
370,ca33bc32551eb20d6480cfb544092f5acd5b33cd
814,a8be9be983ec747145ca34aa094dd4594c8ab6b7
112,3ecf83f6af209815c876494c4b60049e0e96a550
742,69e3a649a0580f0c02536fdb9a6a79a82821475f
1005,f514c8294e6a61d8b1a345738d3870919f888e78
236,1ad2373fc111098b95ea9d2717f9380628aed007
294,808ea0425edd408293700054706052ecb6865985
235,cebf8bfe53fddd78e80ae24b38e468a16f576c2a
242,a276c6ddc72ce12b8a78b9a50f80e36a4e1267fc
981,73ff886ec2fdb7598d69a930f1308ed5321e6ce5
542,af775ba7dd35ba27f836de39a2610c1c1e82afde
1228,da4f5c94abdc1adc6a95a38ca645a07832888a22
580,c0f3d944047ad6c32a129b02a28822e34cc781a4
1573,3dd18344a47fb86b5127bcf3e051a2eb4e7ca996
294,96d5647f79c723715fc1f276346a56b487268a81
398,96d5647f79c723715fc1f276346a56b487268a81
397,96d5647f79c723715fc1f276346a56b487268a81
0,a14fd1c1e44f7e330809887a1e2f6e1b69f1137b
11,d1801d2a4585ed7e8c4a41d172b3543d5bf081a8
1250,11321f7cccac0e32c90d0fecb132351aca69a1bc
767,b70621d756f234598f69deb9bef1c029ad770938
1522,312c714329135573bf83db00db58d8c8b84133e1
933,f4fbdbbc5040f0f5802a093fa7662b2e9bd95c16
864,de69de1d385b4c64d1d710c869f79315944e45f5
498,6c34155d2c5f2eb4188a772215bd8f080d75e870
101,f09228b2be7fc67484220fbc260996846b38942e
0,edf852edb6e025c98268a147f324cd7c06ec5f94
1429,fb6408bd207a2a3053aadf1a189dff2310204b27
524,78545ff1d97693d51a718eb2992c104b025ab79c
834,298eef9ddff628a9ce6b4d2c77644f7166cec9cd
1529,29e3f2820746f53ceaab2c173c6e48434d59d2c6
104,2ab553ad129b368fcff5ccba2222b867788b3c65
1278,adb0955f549dfa8f427ddb8273dd2f9d1f23a6c2
626,9af07ed974ec639518d6980448ab892c6c120908
492,cce95dafcb40da1d0163a1ca1e01f8630cf3343d
1162,fd242548372aba9051f7676ac56b8c8e5e0317ec
665,fb7dd583e70de55c491b5582ea843faa0e89dfdb
26,dcf942cdd1c868009629cd587bb6e87ba907311d
1097,c4714d8fe38a5d44d8cdd2385942bdb773e83754
613,c181b9f5f0d9b8933f1b3bce9efd9ecabaa6a362
191,cb030aa49c7bd866727ff471615f7a697fa1065f
479,4dd8881bff84519df3b90d8da3d4d53dea1f4b9b
0,a20fc52a0062d4f8cbb8760f494f26b3296ea5cf
718,0793ce4513a5f3f8b64da9d4d3ed6355edec46d5
786,e10506d9cba0e4676a901836f0931ee0c7846c8e
1258,8b194c80a6645b9dc7f0851fb33e224b553a6a37
868,d98241a04d24dd46eb549a493f835abe6c68a4e9
438,1084b172cadd9f83860c8e9682af5a3703939cac
439,1084b172cadd9f83860c8e9682af5a3703939cac
1312,62766057cc02d6550f854f13d77dc0a6629a7ac7
1291,00d3d83ced62377a356a478bfe115c6430f4b2b3
1652,4d3a3863552e23c4aaafd82545222b0e6a3cd1fd
799,7c0da9029832e3e1f2e5313cdd7e42cbff541e04
1398,67f146c86e4961a693becc49f270b1850d90ab19
231,4228fa47002df629b540b872daf0c03a88fb244e
452,c09306664f27c222f21c1528bb65848cc676dcd3
0,b68ed1a23061177dd3bcbcf871ec71aef0829616
404,5ce11fb7735a24894cc07e0c8545e98f29b90e11
56,fbd81f33745ff6719c9542cf66fbb4f448d4dcff
429,6de4710d460494ed9d4ab20766f93c609373844c
30,ce91768b58508f308b9415e1600a3753c8d76219
833,22533ae66540ba3d86167b20f859095fd640f995
740,cb143232cecdeb309609edca7d073da8855bf0c2
1057,62eeeae391554793dac788c062588deb89ba7ed4
0,e1e410a02de825a00ce2d174133988106cae1cc2
1542,464e8de1f0854e0d84e2b3a4a1320be128f720c9
681,ece4db69918406abb86c65cd422d3f9edf71be24
1589,34800682e119975183b3f24c20366acf692d128d
1606,25c9ed0ebeb34a3ef43a48fa47ea0340a049aac0
1497,37f28bd6472cd1700ffc16015096a53749e0a09b
291,b82d989933132c9807007147b1ef7239f00d6eb0
228,4c96b79ae7196ba48c36c8ae59018f061b91e9ee
581,0c4bba06474f7d7b4d5e93ced45ea665b296fa75
944,e66f94b8ea6e4a3feac3aa0d92a50b593d17c647
1269,c533e9376d40736c1cd95f4ed58b4c28ed3da697
1500,2d1b0bf632724ceb091035582274201269cfe3e3
441,a3f65c88044dd3d8bbb94e84cf32ca44562d2469
1132,dda8a7814ef8ccbaf5056e76663d81dc946cd48f
1284,1e8951f6a806b4d2fb1b317b84db9be95d3050f6
1010,9a15cb8d2e13b44f88b45428c37bbd6bb14eabcc
193,baa0d69142727c3d778f4f800901b17095ab9b5d
979,f60ceca58810052e30842d25305941c1bb9c9dc1
1387,6ed413c9b194a02ccce770922c99a1e9edd41a30
1593,3aefb18d73e2df241f38a06d69b001f1669c1d8e
1308,682feb495ad2a18716afc11eff5d9138984e5b8d
798,8193b05cccacabbcbd2a90fa5730ac7086261a2e
0,27a4d3f97549e222b07edcd9f2e5bac099bebbbe
694,fb171d41f9e36856285a0e8bde7c683a2c899a4f
1294,dc88c8d37bd735280f01b7ec24934f3c7f8cc67d
1027,3beecc0e8e48909ab17f70022adf7ee878bbe696
1083,2424717bdb4309d9d6f84c264feecee09b8c52ef
1151,87a2503b48a4638a82f9b7473e9165600d04cfdc
446,a69d070e85313ea33c91fe9eed72e9e23bba6822
835,8ca83b1fd2fb101f21e5af7d471ba334420e84cd
900,4c2d7deb2fe77db40b5f01ac3de09bf1283ac77c
167,b5707dda706b8e4be4c941f4bdc9fa06e7489116
1559,d5d8de1857d60b7b53b9baf0af6e7aea26bbde19
939,69f324d9ed6a70e4eb7f6190b2e1751ce9dfca10
0,1bbc6a96210a8edbcc396268cd5d924dffdcb109
454,5eb9b167bdaf83b2199e42e0b30576c6160629ec
922,8bac9143bda95a13b992e074a090df24be91019f
1302,31f58654d63d42bbda1d7e912b6f95efb6120627
74,b4cfbe1e180e58e8cd3471c1a3372d93aa811b2e
1147,1c16298cd7c72738519f8e5018ba16210a0f2f5b
291,ad11134046ff704007aab4f3d0ebb912b833edd3
0,23adfe36515e771433712d23eb900681c421e63c
993,092f374530822d6cbd2d4bcea5d5902b8a673f1a
599,8bf7ac422adcbc74d6d8ebd87edc39caf4eac879
1449,2a6b55e1cde25285623af1dd925b3d0b669585aa
251,0308bb821691c00d8cbbf4dce01e489745463a41
479,172bb3bd8c83c45ba50a255621ddade9c8e8d1af
647,62b237759d5f37a0b1400655248ff4c7428e3d3e
219,5ce2e7d052931ef99affd50af7bd2bd6108f92e7
798,c70f4c1990c94bc42c4630f4bcb91dec68912d2c
1320,9abf7557ca81150d98dec2ac44543ef39af4f31c
1275,5b56a529b9ed4e17b68283aeb1f139fa5869a4a6
1182,5f8070b989f5f6f87fc41053ad91d640dbe8712f
1520,19383c24e23ba6a0721e832702255f99610e4ae9
350,477a95f84dac37242156a9a46c2a3e7088143916
174,da03b2302af2f51253685da4030a59f5144a2ba4
1280,f43adfea425fe2a34f4c845df6fe7dbea5f68261
1308,d72ba280d8ed202f60872e3b2cc9d167c7b6699d
404,cb4a14acebd7a8d0f5fb5b14b5abea4db218a47c
1410,ab6216f1e57a95454e39233f406ffbd7c7fe7cfb
127,05ccf2c38c5eed0460b2cd45cb20f4439aa655d6
411,7c1f5dfc55524542aebbd9958793f36585f7380f
251,2badc2d4df05a8f4409a23ab3e48f770ccab6941
350,f618163c42a65c18c30faf6f9cbb4801ce0da3d0
1529,dec441fb895c96d1e756619d15d75bba00b10fa3
204,496ccd066f5e8fe5e41acc0a658ece18d0089bd9
1672,94f5464b3f42be3164061030d352ffcfc78be711
344,9608f224f5f86cf786584c9c9524b30adf14dc07
1292,f739dca9e8d666e52d7388ad53dae1293d934ae5
1156,ec9035c60d8133286de3a7a123d299e25d2a1991
1216,ec9035c60d8133286de3a7a123d299e25d2a1991
104,a36d715eecf8815e085a2fb68fe0e4a37b398ff4
115,6b1176dc2e26a7c64fdfd72c7708bfdb97eccc84
790,b7b518c5a85841b8019de3cd0b99804abfd6508b
1659,4b1c133325da0119e693b69811a54a16cd77aa55
59,1b4f0190db9a9b4ccbd30037b0412993de98fee4
69,66d0c178ab6bed84626f29522136314378c915f8
1345,802233b7a22a09a81a1bc9e6f1d68d7c5814da46
798,29a7f38810270fa45a17bdf2418c896c1594d43c
415,623be86e5837ae0f5f9f84d9409eda4550c2308d
1067,478cad97b77c6bee4c9a53685a8d7a41b5d99f3c
922,5a2250c6e82880eb68b6f0a3953403c476486dfe
1472,2b4fa028bb8621e04b84f411e14b2345877ca73b
755,183fa8faea7b4011ab93025a2696aa1a380f1bf5
494,913d44d9a87032b24b33b29d443ff0d26ab4adf0
0,a5f9b42aeaaa022a59a3405e7362f21101deb74b
521,10d666390968cba134b31b78d6c3c99b0b6164cd
1576,0844e69d6cbdc7bbfd54ba01dc9c829764eaeb6d
104,08cce661f1efe70b3fd3dcc77c90aa61f77c54cb
974,bbd2b7ea35a36804a2f813cebfdd66061adaabcc
1093,e7a90d186e1940ce817413eff04a6946db0238d1
498,b60177d7e2ef6a15a23ab301d4c2ff6516baf963
457,3fb713293baa218477bda020daa9f867f70dd4fb
1124,f96f852a9c77b72c2a521fa89801b202df41624a
1254,16e1e41ef34631e96d911b4a2081da6525204e5a
1364,2e5449f24d06c2e9f1006ae82c86b883d4cdf7ef
1250,727ddf6a52b5341d79f364ef6a4fed9772b67fbf
236,fb7be38a0a27d5f0dfac48cbe150f1f479d1dc11
601,0b78318b2fbc0a8c6503cb4bca6cda581c8876a9
1263,4cd0064939fb84bf343e3cff9401f37d8870df9f
291,d581a9e5a482283a0019bb5667dec4594c124b3b
1059,a07bfc3abfca6b81b4de537d921828e8728a3a77
1611,6530e8144f9638932092d65bbdc72faf0fc840cd
163,f4596a6a9a6ec9839b99c747d00e16c26ef814bd
922,5214b1d7a44e3f82d7011fadbfc748520c8c07de
407,6ce1a40c38c7ed565093913fc64dad27af19cccd
884,3aa430961e0bd0cd3de24c7f600eb210749ab11e
104,c8c90e5c6cd15de45aecefbc599454661c4102c2
177,90ba2a1ce84581b03b04678bcc0019a87b6f4bf0
121,31a30f043a69164157fb255d82fe498042baead1
790,1593176db998dc5c62017c61c4d5c8f86de24cd3
1463,f95fda217838bae7d40eb7be62cb20b35db64a0d
182,b119249f379db1045cfaf738ac920d319851e4bc
980,1627c7d181b83855271d88fcff520f02e5ebf7e2
1566,9cf90546dfa8bf11c99089a12d70b0272e7da211
360,03b916413c94c7e97e4176a278341b7b634ea554
1379,24c4921f1a3c305656229bea2ee8f21521f2a9b8
1258,bf555a67db57bd27e28728cef1eeb078d592d03f
792,c898d272120b6d63a8b81175fad2f1e72a711310
228,7aa6232663fa2ad6d4b2ec536bed27097b3e1c6b
111,e2e966abc4ade5da8ebf44ff29fb830591aa9793
204,7627de6a15c3e7bd9b674dca521e6d99ac6392ed
1566,26d3db6ba1f12870af996ef9eaea17dfc4a8b8fb
239,cfe7f01fbccc1e6aee4ccdc5ae2b435f1a6efff9
0,fcd0f0ed5659e4946289e8f34f38f06d9333614c
539,5ea5a26a5da1fcd4436ff2cfa4d634602114269e
495,0bff67012bf4fcb83a5c47d1cc07a953d512a9f3
991,51f58b8b5a066d0afabc850c19fae21b9f24ca95
1500,f870a630291bd9d623b32c21f087ba19e69eb1fc
294,dd2619f81b656b741a13f3d627044d3a4356fb8d
1139,ac0abc69d9bcbab4e7e3c2b8afddfeb2fbb2fbe6
221,b35b030a3d817675e6c5d0d445608b51ec8072c2
165,f49424ede69e469aed8f9822e76c22142ef73852
204,f49424ede69e469aed8f9822e76c22142ef73852
843,9d448811aa05a14758390f1c4f19f67b4f267559
774,3894b57af0239b00c82284d9d268acefa81c0461
542,bd5d2f30a93f7accbf019c34e88ed47cfea0fa64
595,d9ccec463c7f9ffc3c99f1e2e4eeaeee4bbb11bf
1329,adbf34c1c54625e9bea9e8d6b5f6d9e21298847e
1174,67e09b3ee3ada13ae709c18d010f56bfa4555d74
591,495f736df90968b6f03ae2b050cd05ea8602fd5f
1176,d1ba46ece920edad9fd87f6306436c3e949c577a
1006,2ab5e922cf165b77a8304d9c86feb16a32baa9ac
1519,9a5bab5ef9328ec5e527f8dcfe08439d11971058
1649,670a7d219e4eab8c7735083d52cefa13e81197fb
756,856f9dfc4804fde5aaccd125e82cd3bb596a3380
1285,f2eb7e1b759bada8130cfc00b1d72d8f3b83febb
486,f13833ee202321d2121f2f26cd27e7f3289046f1
625,baa399cd2361dd4c6b5ca5a0357f9b18376d35af
967,e881d555d40fbbe03ab25051c283715fce537fb5
1205,97f6db225444438e51cbd132b572168ecd8a01e8
85,2b19ed54115a1d6184eab860e5af24712fd14a0d
495,b840d2f12b7cc46c891ecbb85a7e9ca8b69f5774
300,9a9f6eb7574babe36103c4f743c14f0ba2d18fa4
1015,0d7555556bcc4a9a5aef16340e09df54bd1e8658
479,03424784c070b28b3e6ec3fcc1fab1163d1decf3
1262,4aed7cce0f7ff2c34348ac8d101e706838199598
167,b7ef42cb0afc1ecc8ca280e10c6d84be4e1d42f3
427,b7ef42cb0afc1ecc8ca280e10c6d84be4e1d42f3
236,722355d56edd370827d15e7cfd974f76668256e3
0,3d22cb24b2822b6740b555455625431340663bed
72,80161e65042a6444f521a2deb54106826385babc
480,69ba194af61508da5e286b5690d171e01ab1635e
572,7892be34c11990b514b3e24237b04b5116efc2d3
104,676ecce8cec2a4f11957709dc29c36ad7a3f8ed8
367,22e5cce8c07082a3b1ef039bdd445edf5c508632
0,9e9bcdc13fbff9b821f199f24d4f8050e0e2bde8
617,07bfa59e5a3a359136e0c565564dfe769f3f84db
171,7f8418365775dbfac768e5cf2371b00bd9976581
509,38c0cb46cc4f0cf551325fec5def4de1e187bd33
272,2e38f55bff6e5b5080d57ab37ad79255cdb47346
807,4a8d35ee89f9ead3854fd2c79af7b299b57cf2d4
981,68826d977fb5bd94cd93382019c149030e696360
42,6502d605ff60847d91fc1bd7d6dd488d31d1a37f
746,e3fb0c4f3162fda964b6ad8658fb09702bc279d2
792,faf0b6e325b52e0f25f7e8b657981441ac6f8608
1187,2eaae3646498b74c37ce53604b6129f1697092f3
1125,69653557a82d62ce18ac2b2f3292ee422ed939f8
204,e50fbd587f11650518aa304f595b20e410e8cb5a
1237,f09ea540f2e8fc0d87d110018194745c030fb482
0,2d5a87a73a0b1b57b73c18aea76f082265c000e4
0,37cb1bea8aca0dc09dadc1a3ccb680c44fa6a872
1101,5a76df996586396ac28c54474668b207c9274900
1044,49a8268ded2d0b9da8866b7aa3676d7acbeae061
1156,8649ac2655c4b6dbd0a6065e3a42cea6d6e741b5
1530,25c9cee1ac3f2d4c3d2c839ddad2caf386b07770
294,f7dd64cedc905f6941bdb3bd794140d070d6d893
148,d50182061f416656b763abcda8fb0a2e01a22bda
496,ebaa95d2ab70eab6a9587afabe554e4fe7b84426
1315,e70534f7a4ec2b54ec768ac7ab901471c449283f
700,f5e773225fffa34ee6f1040c283fd81ef54b557e
1343,211edf2178cd44d027ab1ec9def58d0895725c88
49,d907cbfd82e3c95f5c4871b8e36190582d2f2ea1
1014,d8d721acc0b4616b688bbe56b5fe5ae96dda407d
59,27a00869158170f1dbe1e11393b0d1f7a402bc06
302,16937e1fd3cbf15109ecc68a34e36b95df0a8d94
854,230b8c5bc9afa9055db49b09692ac8dd076ea37f
403,2e4d30660950bea4610036917d108079c0bcb887
107,8604a31b33e343931e1eebbd0e0d4e66c58d70c3
979,3bf7a1c54816fb5c055d897389ba0c37a66404ed
65,3e7c67bd6121919ca4d19f746b07d6575ff413c3
1346,13b793cccf3662c7f5289bc383dccbede0e12aed
37,9aaf641bb0eb632f8c07ceff2adf2e75537c40e2
282,e4ad6b16f3fa2cebf7c2c0baf36c346fb7599f17
614,aadc0984ea019fcc79867386406d0c3bf1037ac7
1476,5b3171d81667a2ef9431c05e1e4ef56982490bd4
957,356bfd15aeee5e14010f0af8436f261e12f1f907
1240,9ced02fb64732b1b664c01bacdd54fc28760d631
0,76eac2cddcfbdea532f63abd4898156e0246a164
204,a90e57e6faa40a74edacf8ab078174e8641c06b9
11,a73bdd42ab31a989e041f0ffe057b8bd3cfacacf
203,bc440feeeef9ffe7e85ef432981db1f2e8e1fedf
1419,d4e58278d0f406049d156c730cda6683c3529f93
602,672b6f9cf5e46175c78b277d8c07ac88de7308d8
1086,1e3f7aedc67c6c7c7e55afc282447387c7952f91
104,5b6ed8bb3cbea2fd42043602e23993a19b991f4f
1052,89a2ba02042fa9aa4eced6801bbd566a25e3c392
501,3181b4bb3f2eab7e5bb3e5a7db2bfa61642f4d15
842,763c94cac94ada5120cee0cd76fae21ebbff0a14
226,49bb59b3654d4e4803f966bd162d20f0f5d720ff
718,96024a77ce7b2d271e4c84e185912189ec53bd4e
257,7a61938f2c90c0876f6d0075adf316b246c76424
104,3a4a00138bae2aaa272da85aed75c2ed1aa28058
17,06b7c8c8b9b0f9d882737a0c4f218f62194e45f4
1039,09ab62452c81d0423e957bc9e8ac9acb10651ac7
213,a240c224a1f54f8319bd1449d2b257929930fed4
1325,e8cd2306709625bd0f2ed3e4e768f510a4343b96
1503,678957e64fb937be688c471622877103edb8592a
0,40b08ad9f7c061522a9666df989f9b3838689fa8
944,54a66572dfce70f67851b672da0662d7b1916442
95,794c3aea496ccf2b6a48467d0fce7d9c97608f11
902,2e2ef2cadb6d5c047e3f45356d689e8977a99dcc
178,89607ffb61c19068b1f06ea4804ebfed835acc92
0,e2bce86c9dad65e2765b054aa91c44b995407645
495,d32f30aa0ca389f31b48067381061636e27cb5ea
699,50fd693770212294b1c14eb9ec10324c7d99a303
1410,08da3686124f67a529bfc8b00a829b7dc72a9a4e
1187,67a531e942f10611477f9ffd4424f957d41cbb7c
1030,44bf39a9f02ac39589f4cdf542117336da43b03d
1014,5257bc9d294a28c83e6b50e70d1ef2026976e43f
1001,9d08db8b658fef04eadf3eae6669d9b45269640b
417,644abbf6daecf009704964ac85c1bfa79f96331a
167,644abbf6daecf009704964ac85c1bfa79f96331a
1558,b59276e9271d4b865331cd192d7a19871847fbb8
912,07f8c0afbcdda2839164919857406066e2cdfe12
0,f5dbb8525d5d7e6012b6dea9662c5bfe649f539d
1191,812d0ba2ae098ad86fa66c92f30eb264be78debb
104,042538088fecf9671e3f5f35908ab67fd929134a
1020,e69bcbd022f59e1ec0fb6cec5fea0a742c761cf3
243,a9cf7d817aa327399ecd3f08d6174248c3807bf5
1596,846307d5b03ef7df6d3c890f2a291b4c11581e80
1656,d19ee0d47a2ba44a7ff0f60998e0e0c42c4224a6
1269,3ea5a17fb5218699ae361c52a67318480d1d12be
121,298eee07f074a7a56f3232ba73bd7a450c1c6338
51,3e44d3c5eff7f22005619ef1c96932b67544200a
1681,f7b69fabf1253b5e735e269c9410459d91816cdd
497,d61aa504fbc7dafef58048b007d30cb081592b7d
276,520918395bcc10bdcdbe05e25708b353ffe21716
852,5a5c3247ea619f3b83204ff3120f2532b1023e29
0,561d4e9470dab6b732f35c8063c7514328a7d490
1511,1a42d852daa75cf9b6a78013544647be2ec2a8e3
1464,c1ca30872c622e513e49fc1bb111bc4b8a527d3b
1317,cd167f96b31eec1c4e7affc0f188d06c753cd39c
1568,2b65475c3ab682ebd47cffdc6b502698799cd2c8
1561,2b65475c3ab682ebd47cffdc6b502698799cd2c8
1569,2b65475c3ab682ebd47cffdc6b502698799cd2c8
987,e64dd36ec79d1c22a6161078f5363cfb5f89ff91
1115,0600c3786af720f261f51f916ae6624dd2193c7b
104,c07818cb139749e02c496142d92bf350f891554b
1468,b962375718a597b3177217c74f2305f480f3230c
460,f13030431a0c1ab2a9ce434a932a96104108000e
0,98946e8022476c8e83e4f4aa474fefc80e0b551a
602,306b285816c6d200e29ddc94bd13ade411978249
992,4a6453cdefac463d15c02371b0042c0b3be7e556
223,07515446dd3ef8fe5f98e4fe3e5a430c4c5bfb23
1243,dd56a290f592281f80f0146139a2c954b98aa352
167,4f0ddbda9efb1b3e9dfbea9f2103cebd828e685d
973,eccd384b0ed93fe51ba4d52b70f6a701c4bad50a
1042,c395a3b7e68748f88068e8c86ed81d71f77a650a
767,845cbcdd860ee1aa8817259b9b6a5415a5196275
401,22d7d31c58adfc711986028ed0e03a07f740483f
159,2835555933a8bbaa78b85589471b8040bdcd981a
377,68a241f6dab3971c7c00b114307b2ffe5d3f97e3
822,90987ff6c7efd130938266d8beb8fed7c61cdc6b
204,eb2e0a8d196e9cb40719b32d8c0cfb1fa607c935
757,7da117daf6873ce275cf9b6bba58e45ecc33733b
479,933e22a2afa9bfe6a38f1f33d6adb0cee6cc38aa
155,baa3a8c60a51a8d41ab20ebf04f3cc86636a0be7
513,1bb9546ee479ee23138ccb29d5a452ade4199a07
664,4e75f777e8ecebf0fc36cdebc5b62e1ca9d68413
0,d78e18637e66d1e5d25a036653a2ecaa92363fb5
837,bcde5878421f8721402c1f435658af737f5b4eda
180,ecb08e8dd4c79d51ea8a7fcf065ce2a5f978fd5a
211,ecb08e8dd4c79d51ea8a7fcf065ce2a5f978fd5a
1168,10740e3b38433f9e0be0f3edba605cbfd50f8972
1548,58e6581424438243c5bf670b26d505a9d8175f98
535,e8b1acf8dc45ba764d6cd91c8b5e5d0a714faa1c
548,747dfa4eda826821c2df5c99cd1d587ccb4011b4
1285,7016ff63856c8deffcf11b8f932b845e04160147
12,e2539dae3971d51614c892db31b5ed423ac3c2c3
0,7e632b7aad89e40ea1c007e40baac094560d7d04
261,a47e23ebbd96de785fd1397931ad231c291ae948
123,995c003e124bf6351606f444a7f533806063aa02
406,7d55afa1222190ce01b893c3355e355e51b6840d
1466,f85becc6809858818e074b881f49c5f7f91ac62e
1087,a89b08167ae581eb2907f19224ab265856cef8e9
679,691bf8e65a6fe348019acc637a648b1976ceef99
1489,bae0d6e11bc4ac19beebba85b1670dcb4be3e3df
660,105be3e11b0bc426879dd3ea1f9bcb30adbfdd4f
44,6a401e9da696494e2e3a2d8cce82dba326d9e8d7
946,c94a7d005e938476736f96e652be2b536fa61e5f
1571,907781bb856b47cb7b180484c6d4b9f55a6df038
473,f443e7f5dc9263766ae2202334437e5ef82a7d4a
1428,d141c8e887904122a2b3cb4bf94851e7401d807d
1554,299fe6cc217f3d62057a55140a44ada0ce6ea145
513,1ce47b660e9d4605f36e8ac41681c0991a65d78f
1508,0fe6a49d76c237bd831a27f8526c62cf1c7f5cc8
1529,25a6fc0967357e6ba4aafcaf11bf3f7faec752fd
444,5a5a0c48342577696ba72d84ae41bb3d640d187f
607,8efcdac10686a5776a920a9d3cc3e184f847f147
323,a1c2a058867a3fb1ae9cf0591471227f0219050d
155,20faad6330614d077d5a567aa7b6ebdd6bad5d60
238,b597523c39fdc4844f7623c1b2a7ea086179e7e2
1572,8c529ccff23d419c4cb5191b0435de40d6a9831c
1240,fa5336eba62537b237df358338bc723c1398a7ea
718,d608a88d95b4a7bfd5f32a24f0c0a5d5cf6f25cf
192,7bcfb13f086d6764f980e95c4cdb7a60de607c10
944,f656195b54f0ebddbd4c1aa65c8db22ce30a0f49
1555,5a1c2ccba645ee38bbc3a7c251a470a42194f41e
461,52bbdd2d32ee2440f7884b95a10a85ee5c9172ac
202,7a01e245feaa8eb1f9cf6f2d7897b7153f829a1d
1464,f4a9c597f3e254a4a19e663ef2ee47a78a3048bd
1635,88520fb1b54953967f4d7e299cfd772f4357c768
1014,1526c5b9e465aaae38b90eae7e208cf41e5bd2b4
1615,034afd61126660b6f44b232fdf3e1dd9d1a79708
92,558c33f6796e7159ac09ef559228fb2821709a7b
694,737249b0db7fafd150ac56ddc2bc1b465b12abb7
982,a93745846d1fb5b41af5f1e33810cefb9f0806f7
1301,0833411f3286b20ce1d6c936d16ab43cfa711aee
138,c7ed48699d97618399044cea050ecb4405469194
233,39945ad3a0c48c20b1c8d01235178329bdc04488
99,c247fa9357edf68c4d9932f1dc4110eace208483
1358,40907b1f5cbf02a6eb64cce11e1fcaa27f6c4f18
1697,9abb526120810661fdc6495438107408cc4dd16d
323,5cef385e23a72350880c0d72d8f4cb2b9de5c20d
0,d82296bf4c7085761652105ee4b42a333cf561d1
39,dab28f8483ef5079b24af337fc76a1fb66cdbb26
1351,e1bb0027ba261e3822d379914ab3ab4bcf7b8aeb
1652,4ef9d31ff253aeed9795379d440f8f1439651acc
418,639f2dee3e127c737f3e47c821b6238bcec9fd34
1492,056dc18c4dfc6e52026dc88a09a6aeb451f003d0
1493,30fe6cc83f83578c922d8c01742ae7a6939280e8
1652,87c15bea46081baab98db9a0dbd480c5dac5ceb4
1364,fab3d2f6ae5aa92cdbefcf3ba5e110e7a71fd991
675,a581a13a5f3dc5688e231392dad652af1bcd6376
126,26cb05dd177009b4c41a50ec8427ca4d62e20890
256,20dd0a1bcc17d08089ef132114034345796b5925
0,8d369480bad4813d97932484b6c63d61bee4519c
1164,d0bed6dbb08a76ff018e0b248e2be60bccf2431c
1165,c5edfe9ac7f34203ed2f26ab266e5331bc3efa8e
407,641a6993653e3f920724761ae504bd4428c9a06d
666,ce284d8f2cd8e9ad9901c8ee9f8e277e2dc17858
811,0d4e2bc1901f7ee67254dc562695ff8a6e2e3b87
361,9de8cc75b731823945df61201cf80b6387badfb6
829,aa4cabef42a30a3e8965e7519dde93fc977256a6
536,ca920b35069f7433cc67353415de2b3780da15d1
863,f57e759a33a9edbcb7bfb4424a04f4889250706f
879,aad970c9d687fe802709380583b76cf9bf1d19d9
651,0681eb11afbe12e512e0c475ef3e76018500c6a9
320,e6569c6f9e11e2f4cdf2e12c44d1d4e6bc7b1b6e
197,4a888f0ffca6e97571f36ab423099f074a3bd86f
302,ae7e1a0040667767163631d012f24e986435f3fb
926,8642b98ebd1de6e1b2286ef80d44adf959b34140
481,0c98400219fa906e1daf9e49fc35fc8d080df1e3
265,089dbf2633a6427852354881f75acecd8aa7cb54
1028,d521b72eec4964d547922e357ad77f2b4fc1f06e
138,ad88a2fef2c3e26176cbe18755e7928ccfe12ad9
104,5a06f0bf44bc8007c07da38276964a00dc66769f
662,0e3f35da37442d6dd451d355290aafb651805995
1292,3cc95f4fc8e167417e12def3948b13bd7e1f57f6
1059,0b8db82fb99bdd664a1aabed17dc338e8bc3ebc6
290,833d96f4b96739118941c0a890d07c65807d35bc
138,e89736f921bd11ff0128f1d58c516b3ca312ab9e
812,94f64e6128ae3ba6bf3a76987b43e48e738141f7
1356,f689fadc747825d0ffa6d77350cd31e4fe74dd53
1370,44200432b98a9e889858c818ffa4e8beaeb2c52a
65,83637d70dd569b4cdf7d32616728ec9b7a5b8760
863,b2e119a79c3a8ce26de523982e9a0b168fc88bc7
1568,32badb1d360ddf514e6b253f2dea9ae7e5df078a
1569,32badb1d360ddf514e6b253f2dea9ae7e5df078a
1541,32badb1d360ddf514e6b253f2dea9ae7e5df078a
933,dc637e81642ddf1171bfaa171c15c28bc0594565
846,dc637e81642ddf1171bfaa171c15c28bc0594565
597,0de31cb5d92f79abdf1f82b4b0a0847b5f8e757f
1577,8bcaa77340ac377a20237af4efbe891dc5a4790d
132,efd2643a0ed67e540aa54097846c47610a6bb96c
1374,76d3f74d071a1a3e6b7228edf9b76bf8e448b0cf
657,c439f53c74d6c8589ced4c89c1a312bbf70d8d62
210,8ea0c13a5cc6aae0465606db7308d6620a30249c
311,e689607f5502b1ecb524417edd68cfe38cf4793a
1568,149c98592fe447c98dfb5afc67b5809725cc3056
1569,149c98592fe447c98dfb5afc67b5809725cc3056
1604,149c98592fe447c98dfb5afc67b5809725cc3056
1020,50b4637a387f54729144bb38699df672aa76e8f1
679,48612cb8a4081a4c70e78fb84a255a59041f021e
556,1eb917262f980798586c3cb9c54152dbb59485f9
245,66f844a404bea947abf27fbabe28643253fe8aad
0,e149a1afd6c74b265cb64c3558adeb501716f336
1116,5c13640d05309e1a4b7fb99142546cd9bb89ee4e
643,00e3d8f9f8141d438edc817b64c8bc4ee667245b
775,ed9e993d7eb23de48c2d7133d760b1fb085d5f08
0,b07c0c1b57901f0edb61295c191233944377b0ce
0,79694a950f85f2f3b169e1c039a52b12fab3abc6
137,075ea19c17260ac3e7bff82792a604b690259c5a
1565,37b85253981770b455bd9936cef23de460662483
104,6f11be6a14df540f920ca6745d60c4133bcba9b1
1284,125d2e386b7fc07e1b34c3d79670767f6c129fb1
961,2282122dcd1e27747f44da7ba08e5c63a6627b0c
958,72c68828a0018a736caa596dd7fa1f92e19d7335
944,72c68828a0018a736caa596dd7fa1f92e19d7335
1297,02ecad17bac6be42eb946fcc029d10dda283b57c
1255,eb78d61e6f74fd1ae3102729667d605ee2b63ee9
1425,a64100d443edabe608668d4cac9f9fa0221d03af
495,f747b5132626acbb320b5a384485693d522e3d2b
1380,06205a6cd43d9d2fac4b59184e03d52725fde536
910,4be0a0821ae7e3a4b61ce42d5c31ddc5395392de
1161,c79dde5a9b847c58b888d0745fd4fa86af781f90
639,a6f66312ac183a70a84c8867dc6c967d215cdfaa
0,683309b451a7d01201173f59522a39f5af1ed883
1010,b06077a7217548e3c3a7c5748dc03bf9e52015b6
1394,89c7f4c4a29a153945d68ad085896a627328ce37
1390,d15537b19c6b6d221c20567dcaefddeb39eed7f5
1509,deafc5cc6db3a6c10d21d13a2fa99b6db4e11b83
1136,7dac77913f714143ea76e1c130a2af55ac2374c1
933,3eba6f26486dcb9e2ec03702b60a38de399e738f
138,18d1a48178dee6d930c29e444c5352b6e9a548f2
666,d8ac693133622ba28da15d54bf0d5400697242dc
0,770bcbadeaab566bf0c831a84d96491fc0e08139
0,8763f92b9fc0ed1cba20b94a194b21d3bf5d27d2
696,23722bcc7103b2253c1216aed934fa78271d3c64
840,6290deb496f0974fc9a776463b810a3bb5fd947a
965,b5c65a5441eed37d532bdcd007957ed7c2e80db0
121,4a28bda3481b8ba3140c0602eb5f2d5b3bc7031a
565,f77c2559b8fefc40c06a7090d20af00afd1e41a0
1667,a4f24dda8f30745e1989da7f0e1cb6baaf82cc80
1289,ed2321df8ada6e1c1d219186da99301073846810
236,9a47bc15ce60ac09df8a0470493fcb175258e9e8
65,8eb6d1df1e4420365a63dd6bb2d28c4fcd1b5cb5
0,319aa26f879515ae83be5b136df16a96e115cc9f
1400,4f368b8efd9e040a3b982321fe2eb207b49b48b1
1229,754fd18bd52d198518ce0ac3882581427593ece1
800,db304a20982e8665a365226b7e007867444cab6d
559,5bde30b43928038e36386f77e39acb63b9005b2b
137,85de9d46518d60d657cc4acfe0fc44f41412b0ae
15,a77e64d71ed71cbe74a7c243379b1144d6bd9acd
881,efb7b638eb4329ba86a8bdfb6a1b73b5d1ebeb14
1247,035cd73153fa6ca2c5e521a7c16193986ba1639f
1223,bc5ca9400f45de703aa82ff051c238f75fdcc3a2
104,5a5dacc97c182fffd130131f12e0f3d757ea4f8c
204,7a9ecf45a7ea742cab56c2bd87f29e096fb8bb9f
1139,441c8b32dddb80bbdb7844016c9bfda2eabe577d
1230,096d686486fb30a2dbce9c4e33ecc9875a2c0fa8
237,67fbb78b3ea4845b54050d9c5eac487b6df0bb8b
380,2f55c85f23c6ef8829db225740f9d5f935cf500a
133,4d2a7f4b34661faac4b5316f556c749dd1b061e0
59,9bc5b4066c95154ba5bce43559c2078a054f9cf9
477,b0d9fb594cc3619a4644709e91baf95d569c229d
916,5c200426dd8f29d0b073caea4b85b1f49223117f
1347,fbf614367dafbe3229054d81b2c3817c50e94519
436,f798e278b2589dea5f79c43d653beb65dfe88913
823,790e703706c7f0e9776bf40c76b1810fd565d669
1335,82bbf156a58baa2b45a3f76ff6c886ee3fdf395b
582,1bed5fbdb46dc89a86e9b9d05dabde47517c3461
1615,4e6577d140c203eae0b634764971bf2444438f41
1649,4cff54295d9e494eaff46a190b73bcb8d491f7e5
545,02f8694d044b85938a56f48444743f367987ad37
361,306b4d04e304bb63b6a50cc17af229a3865a5ec6
970,d2b08cdb1d6864bf5bb5228b6fd0a592d9dc19f2
167,964db4a8ae51fb0d896dcd03836c6056ff317898
678,cc8070905f4a9556fdd54cb7e9cf9ecc2c898d95
1294,771b3138b033eb28315c9a9d7f94fe6f124e856f
12,b028bd35924aa5843e4913852c63b11e683cb27f
210,3955f7b2c44b15b335ca41ad57045e4457ae641c
65,3aced6c72cf44d71d209c55c90abd19302f8815a
893,6b4c192d420cb9bb8596eeefcb2c280d3eed0b15
835,ac83cf3753a1948364de2d1639aa8aeb2c5c76dc
1084,01b6488536a3102b20e5e4d109afff3d02c77684
793,3a16b20f8ea42778d4203e789329c178f51432a6
1207,672364de57c8ba570fd6944e1ee29d319339f792
1127,e527616c988f96e3cf60fac7c1229769a8f12935
528,38a69607daa70d532dfa915c01f7d70fd84be00b
1202,a23d87a0b20b54ffb3a1a64f92e4296c13c45453
316,44ce35b3e71e795862f2ba6719fed45b2ab3e9bd
873,faa82ce3719898058da06a1d7b0948bf326968eb
69,26034ec5a19caab64c0621c9bdd5b6e5b08b0440
338,170284d12c82dc305df9414d839d5d8434387021
906,71bf817489d4f23b85d1d2ee048093e8353a3f12
404,0497f91ce4e03a7855d500cfad0dccddd2f61d21
1417,f322cbc13a5f2914d8429850673612cddc23b08a
493,5352ea2dbe1b21da0873c4ccf34b92e1840dd4d7
451,d9a3043b0459271e7bebee3ad9a0033e537acfe6
1529,b044a07797a8fef23d10f10126615c9b7db659bb
0,07f6b703fe11088e57de3f43a0203dd3327097ca
508,a06f96c8a011bd2c9c0e572e3d965dc6f9325bd4
736,fe9baebb217b04ca5764d5dc0eb927240c25f8e8
185,da1b0acfa7ecf1027af50f622733607726bee0c0
1407,69eb75e334907b230edf6d2c7ef12b79c5216de2
335,bbe149d4a79b85222f4a88cabb487dd99e0affb2
1011,4aa9091ce6f5e06b4a9c21af682ab82579d203b2
524,347aaedee6f7ec1e7f7f115d08d060f1d436d1e1
146,3f0e5bbbf11a0b2c16c5199a8f68825cba18e476
1003,c6df97ba6352e56bb1d5a431c1eafb64366ed634
1059,ba3d406896bcb927bf9c5e05b4563d90444833c8
23,0a7717fc02e4064b6b10275d9eafeccdcbf2e33d
17,3f526642caa2177107a632a131d6a9e8e5e23f0b
1560,84a4bce9e4a4964d396a4ada3da35df4d842a9fe
1500,03a5bb61ed56daccd207d7a255956e21612cf995
1185,4d1f06290348faa37ce17d2739b94e47923375d0
855,ac89aa3c0417e92e0e970141fee14e3d2113ee18
1146,bfd82145bfc1d94b7dfabae2bc04737929c41747
1361,018ec691f0f734aca79ba7353d6e8a2b731054e3
766,8b71fc0e7b98e5f885ef1d9b7b403b3caa586210
1501,c1086aa319a1b0fdbe8412cf88c8d67c55cee492
1399,29c3f055950ed8fc038c9cbf8cee67a07f6dc2ef
680,57472918a320e2c4b2c011a875ecc5ad8591a620
524,16d172e920ea94ca73aa5aeaae47067cdec52be1
1325,921e2015ef96bc9655c9d821e051d6c0d2e99045
1704,244295a743554ecd2a7b5154788336735e47d694
987,44459bda14b550d8929728294bc9af412aa41852
876,eecce949023711e3ed55833ca84e1a0d3887f301
619,75ea223e804ad6936976ef9ffd7947f45a690c75
0,32d1134d09b73a573518d00af1a55a18db864722
560,614fc76a6c650a617662f06450b52c2de30d35f0
56,1ebec96319d73d39d5c2e7cb4ff2c8eacf1cfc47
1388,c1adfe003ce0f50ecf5b429fcbc38277e3b426a1
189,7f0d7748f209281a6446b85e90b55e3f2345bed6
1575,99fd9ba4f9673b2b2d30c2b403aaa294503cc2a2
362,69f7b592116354a30de7db4fb9f979deafdfef4c
1504,28fe00310d0f74a8e5c2350dc7c17bdbcb388fa1
294,b3ba49c381d8fb155b887d4eb89c828b8c0bd722
847,dbf9bd37c7917dbfe4c594d6ea46179386d13141
1300,3032e7b893d56adc630134652c2377ab65920ee0
41,3f683ad8318cae4c7a4297a663761a85077811f8
1130,8511167483774c09fd6620b749991b5493b2213d
479,8049eff6dd48dc2621219c51e1eef97dd62165c8
0,ad4c424428f6c1445a3b213a06098db3e6d496fb
1213,a6f16219a25291db451a3ff20d0a604089c5991b
941,740a9c958330d665987808a6f04813c217322c55
907,3292d07fa38bd482a27eb757f3cfad5fd4e2ba1d
492,c96fa1426e231d48b8e45cc84a862920f9173784
440,4799a594388ac2fd70c417b736f0f8542ee32409
907,cf4cfaa245fecd522d678e207f1861ae99774f80
171,914a86d5d5966bee469f9d7dfd70f86d8c8d6f34
945,d5b6b74306fac6cbcab2498e0e14b3c53b4f7a23
222,7369cd51b31a9601c434af773ebab458e0b3463d
846,4432e3194bc54dcbfe8fd7267c01bddd26762e3a
0,4928fe3b0c94e331712ab9a19ccb0d9389481820
754,91ff58708329ef6112e218458a7a36746fa91cdf
1212,b7ebff7fd747e8986dc41839a1b194c742eb1c78
1363,ba4e9d9c999177f6a5fa85cc6461a982a34059a7
448,5a986a3cf882927eb65f59066161989c97ab5f36
130,cc1ac9178d30a86c89336ef7ea46f9ecdf276d5c
158,a66f1a87253050d54ff081efb59fa32a1fa489fd
0,a20f6b066ad624a5a1761a6318e65ef00a658460
749,032d3ac2a35c77b5eb29e76a3cbbde6d85cc1707
1295,9dbb1a04e29b222f4dd9bbad8ab21a42e36e7e75
1345,343bd9b3a4935cad9c178b34639f1060938ef33a
1227,dc62944247cc3dbc212aad50fd9d7243ce3fd446
1341,cbae1e8b5de643277439ebe67a6d15288514057e
1493,ebb39fe4ae917188b7a1ac235fd8d04e30c92cba
184,8547de7acdd06df851a3445f59279ad30543822c
218,d224470bba06177cc4839cab1fc7a7ccabdea7f2
890,33592c1a38c48efd2b9cbb042a31f94236e0b89b
920,33592c1a38c48efd2b9cbb042a31f94236e0b89b
927,33592c1a38c48efd2b9cbb042a31f94236e0b89b
921,33592c1a38c48efd2b9cbb042a31f94236e0b89b
1504,fa2972607a4ba589a4db42cfafd5293b350f671a
1505,e0751eaaca4bb06adcf80108d85ad0dc6cc67074
859,d491f69bc2a6e2d0d369d84c03b46338fe886b42
1368,3186b37fb0e8a711bf07029db45fe9fc940f0079
5,5339db364918df7a20fd4345558facc5f71dda91
500,8ce9787b69ef4cba6409502b71496acd4ee838d6
618,f696d3635f390a514bd708ffa762486850f55ed1
1064,f862e2b821ffc202008cb5359350194368d5ac35
1172,d95bddae46e6b9210a4c4b89d71202e7881a08db
1533,524fc62e706bc71230860ff52688b2a15f01949b
632,ce3ca5ec278fc55b79491e3e3805957707e16b5d
492,a8b77cbd6b9676ed3ec21957e4c901654e54bd02
221,1be812e19977fe5410bd39ea2a1561006c4e260f
1402,7b9c6c5cab87bc86267e398b067a9c9e506833b6
0,9ba70fa29876a94d2fc55c746fcb7c7ba2f8154e
1676,53e5adac2f24da4ff9f3276c73e89c2b14e03916
231,7e14bc6d22fe6bf2916615b1f0722931711d68eb
521,5a7067b89828b28feeb5df964edca3d02746a15f
1219,cb80ec66ec9e2b4acbc94182a3c64c9c429ae043
1489,1132b48a540150a251d0d18471c010813e929cb4
231,2e49d08ca4c49eda82eb68cf04563707e80d7476
1561,aa0f0f461f6b9ca0186a7e054ec61eee76f396f7
738,f9af45c30cbdac92f95e62b06d53334beef1b4e2
1184,bdb1c48561578dc496d05c263b28b68d0c97e2d2
589,f3723040d134b5a8d2739f1d7c9ffb6245679e79
686,a4778a48c6f21ab6a65189c737530c5e41ec75c8
741,a2c5df682f143a82fb726c1a556cfca35f0b1b47
1498,5b0b559cb9985a10f3a206f4dc557d817bd0d085
344,8bee08594605e6ddb4bb8d3a658463f534533950
0,ea615061e8605aacc2cb787d4f7c8ff272a255a8
513,ebc739324e931b150a73dc53f60e43105378c2ed
0,0f7f5c86d09ab5ff777978d9cf210c5edded10bc
561,cfec62fa98be0545c3a01c8fd34b2744385e1786
1440,0c7c65e673848f856aefb22336af8605120c5ae7
228,d3ace90fb457097c769ba996cb845395ff628d01
727,a36831c085d42aedc28553106fa52082fe0adf32
521,fff59db8997f9d0afe8216fe382c9c03fc3fb2e7
0,992c3818296104d36a4fe406397112f20a26d2c9
739,b4f8b6b0a85ce825ba29a83539dbfc1f5b761d43
1263,8460c0cbcf029beaa64f082e73d2a45f0b05f342
856,202d376d2845c7bc05f78f5f4683b2123b9545d8
34,e82af530b0dc26f4cdc1ce178319b4a79a7bad4a
1471,ebffa7a88cf46103a144baefdd7027b31f4df432
1006,b758f8d8f3c9d7db89add438eff1a5f599cf826d
323,12d0d2bee2f78680ff685415d0c1f5e4a13537ba
270,2c005ed09a80889b83bbcf09972804a6c4278302
104,a2e0e7a8d282bc326c9a47df388418f06a4dd86e
1169,df39ce464b8383c05f70d46e11e6adfb2adc1ded
1264,9152a13729be2c43f6d275c5cc7f2c845777e14b
896,846ef86fa1e40ccdec01445c5c29703107d564d3
79,ff9f2f12802e1394e42934e434a28d3946a3908c
247,b19e36aaac7648c3e1a932f4ad7330317301e5ae
1622,9b6b2361ec0a4eacfb3700d123e02ccb6291f796
1219,5b29d0367ff99d215d30a45355f9257df36f24d8
1313,841b783a043a5b122d5eb72d9b8c3195e6331001
1222,9899396f574ec686b4cd12e9d786ef98a7414775
1306,b717cfc0d9720607517e0380eb6cb8e8ee13bde4
585,711ab6074b5e4ccf8092e9204abe640901ea0411
731,507af7a6975bb795b7e3d60f67a7e75e4e247352
1612,4de8c58624556983a6745a8841c50fb2a380e0b5
176,90fe0a203290e1ceded177d7b354e68e9637fc2a
1031,750a1a0243456b25f259dd55cd71c4a827875ab4
528,42f7417ab4bc5ec9914b044dae2c35cbc29f4330
1329,d257e955295583f5de4775159f9c3488ceb9248d
1076,a1e5c7bfc0e48f289e7de4f062a901d625f3e00c
1400,5a41f8fb35fdec453f5874a143f854101bc9785e
198,df651b191283d1e171b3359a0ae86078e1eec23f
1111,dbaadb1c8c720a41296fb8a3e215c38aa53ed5ca
805,b58213b267ed7efaf9c148df68cf953d423a973a
1448,2ace5ccff9ee43ab8c23665cf7d713afc3ab9331
1023,03fca8714727e38b8efa2ea8e5320c170e11bfcf
690,6634dc9a3f6e9962457d4aa7843689d7ab218bc7
138,42f986b32a3b8b65e79bcbfe345903a5708f538b
777,318a0e8861b658726e4a4dba114a84e7a26a41c6
729,74f849b10c4d76281f31741a9cef48ceddcde123
0,48eb62267e5952ced1d2c54602eb683f529cedca
1059,be028c7a1ba0e9af8c4a761ad9d89075efbad814
1492,d8ceebe302ccaafa877d092e5d125e4bdb59b966
1201,4ce12cc008e64d4c301123c13c8ce1fe007497a0
251,1d47c52246dce73f900bb91de3dacee23cb54712
240,41f1c0445cdee15b437b94742c8dbdaa7b5ecdea
85,41f1c0445cdee15b437b94742c8dbdaa7b5ecdea
1346,d0261e801739c6bb767176a4d643ab065e4d9996
139,11a21dcf5e2968829930cc0810f72e77dd423bba
137,11a21dcf5e2968829930cc0810f72e77dd423bba
170,7cd7e7e53537de8947446722943101816f9c12fd
1105,034f21a11b57b65945d017d1c6d74c3589a1f469
792,f5cce9b0b12dbfaae57dd753e8ffe2729d300dc4
551,af8ebde30992f66d7978a8f5278f9e895d39451a
127,e9a5145d2277ad1f365870d60dfb081ce08fa986
103,c00a70c1f63ee46c9680bd9253096f241dc2a6f5
839,760aec883d24d08f633ba4d2c5525372290c6fc6
0,7a44135725ad69ead8896c0d7bd7f2f1f059c112
1074,21a9c51552b0f7ef94882effa90b072de3ff6a54
1012,0a80b544349320c89b495fc2f78588297359d929
966,8dc2719a33efaa35492e3147b987583e7ffa5a3f
1568,9bfb767323833586873272af4db446f68f357f1f
1541,9bfb767323833586873272af4db446f68f357f1f
1491,ebec1e32185bdcc10f48972f791487fe376d4c7b
796,ffc7fabb57ecb08220e53ceaafc6ac8b4d665860
86,d38260349531d2bd0a9846885cc1fb3248696611
1103,4da4468986b9dd2b4837ac1fa6796681a4c37392
1296,0116ebdc0d12b4ff941dc13568e99503f1878b35
65,ca7f6d9a13535e619394ec04588e143f602a8b8d
1464,048b6899f4cbe1226981fd030cf6890510754406
1166,63c81f15995fa6dfcd1c11cdd97c9b0d791ee13a
185,e26711c75d1c82d968686fa9eec84ca3822805d6
802,3a38fb9d8c58bb5be7e2a9899788085812441b8e
1343,e56c7ff17a2385076e8a05f36d9a63adf4f078ec
1151,8a8e10dec709e9869ab8fe411c7fc07c7a7b265c
696,a515335bbe063f612c9c09b1e0360cc5848ad396
164,172ffcdad38045580e8859c4daacefad230cf186
1310,84059288d0fc2b645c449e04fb030872137091eb
167,f7a66839cbf2b2531699d326a855a4d84564a233
427,f7a66839cbf2b2531699d326a855a4d84564a233
134,cfbf06228de52ca2f12d16238b2c2ce46a97d9ce
1656,1748916497e805f7fce21b9aee70e31760b50a27
167,a7f82c97696625a5f0add0d2b22540141987ef29
872,81d64c0977a896c40e582d80724501bfd9c694dc
251,435c42923b389bb434484c6d68c7951c98c323a6
1292,b96e7ba8fab03745257d5feb6ab97247d6abcee8
338,1b16a94949af5564cd35a530b06ded5f6234fc28
1343,770b5af25e1fbeaf5b273f1c74433dacddd0104a
1173,6d16230d5548b1acd9762dee1f76b98f2727e2a2
495,22726e80d48f13e5f46ba3a0f9576e407bb7c466
882,4b2c5d37e9c6fb4636d3c931da168b6e143c88d8
881,4b2c5d37e9c6fb4636d3c931da168b6e143c88d8
0,fccd9b79234d1042eab21dca76c90ef731c46a86
593,13bd3085ad83d08efe45ab4cb20f296ee9f8c7a5
1238,6d87badaaf89bdf2e76ea87aed0b1c549576ace8
138,11e92a3c2fba0ba9fe1ac3a8b61020a4f04567e1
933,1ac30a4af120f511c04461f5fbef6984d4cfa806
1450,2e2114f312fbf4d3856c0c4fcdec3ca81de72f07
916,ab0c8f3dac1e88724fe5bb01a4141b9db98f8168
291,53de8dcfa25980a395af03309cfed029798efb99
1574,5083f58359dd103ac6d8e72a50c53bb20a5df14e
1310,1570b44019662548936df3d3ac282d6753046f55
204,eba097da79dfc33502becdbd84a8070666ae0bd4
744,a8689591e32c8c27d74f3b0caad34e42eea1af70
1566,656878ea69adf7663015156b55ad5c9ea3ec7e4f
1056,74f9303eeaaf278c507bbabc306c6341af5fc03a
1396,0fbb722b80251907a7842ee84e7e2e368dbeb4eb
1253,fab9d376a2b17d4487a75250bdf1c96908cfadf6
1590,47790146ab93f742eb987f751e40645dfd530b37
1332,131c84c923edbb949e2066761c88e8ea79763e99
899,b7b432c7f958b3feed1fd181f9bda08aa6c1865d
1652,7476e35535b062e5ce883dfb1125001c2cf58a16
985,c9a79471aa9b1c9ff8ce5f8695357e6dab91cd5b
762,ccafd1a85c81a7fda05582f7149fda5d67c653ba
833,74078b68af6456a19db6ae8f7c49f52adffeae2d
1100,b20785fc9d11868bc1c9551ce1db71ef795f9b8e
1275,7619995a0ab5a5faf95c7c61dd66bb3180721c37
1504,28a9e82edfe31cce0300f8ff7be4dd96262ef0a9
56,281b5f0981c1ee4ffac6bff64b8a9011e18c2034
1192,0a0fddf469f3f58f74c12dc2fe47ba8d8141c161
1378,44cc7b3e9102a05aa5c963a8d0a2aba241553b6d
1062,2b8b2a7d5b9cc726e436e28ad6ff8a5555a36a50
0,ee910dfbfbeee2bcff9afd83f0bdcf4c9356e08b
0,0d511716a299e8cbd21429616f01d5a4f2c88ca4
520,ba6e77f733659cec32d39c1f63cdeb69f3ee6ff6
109,4c0f0e04f6d0b10c52c7dc4e9651ce591d1e386e
973,d6b1b5f518b55c045258e36bfbeeaeaf079eb456
138,4020e68ad11893642913dcdf44cf824970d867bc
1610,91f15ecfe5d26de36d8e9bcd6cf109b307882a32
302,60c12f9e0fbe40e9dce58a6fa5e7c6c98d402957
247,7fd0c4110ee2f415041367bfde1bcf0fb5388412
1045,22b0c3d3ca7fb07f5abf34aab6ad3449d5b69c7b
0,2ee03cbd73a9b873dc9d9e0100d3f85262a33b9e
0,97e829f2de3d6a1a8f10486c37a9239667313db9
388,e55e36da81c26e625ba64463d79f10a125182c8f
1445,0be8a407b1ada018e2f35e93dc7561f1683fe6e2
310,c035a02d11ade06996f21f4d6f6231e324336ebb
167,fae0f2d40cbbf027c303bb130fc8b48596946890
983,dfbcfb18efe7f9371bb754dfcc12917f191e88b7
981,dfbcfb18efe7f9371bb754dfcc12917f191e88b7
526,6cc884c4c6fbf0921424d4f895556d5d8957a337
828,f76674786c4b7a31bfa5e8743a15056220c919c5
792,86352e3decdf7b1caffdbb03e11cbb3c640db8fe
409,69e9aa7bede6877cd792793c72c6a9b6b240eb20
1211,87d4b2e03012ca44f5c0f6629b0546785d9058ee
724,5681bb0f11e29897635456c43603605169010ecf
767,798b6a5cc23fa33ac166b8993361e674b3620124
423,f77d59d3d850cd43be4b5257378bd9cda747c767
895,e75074d1349574cc6c19579aadf826d831866995
994,137423f4e5f0d822cd44615125a87f836429923c
556,da457338777808ee9c5b09d893f6bc76c79b6906
840,e107bfa88bca9b7a39e440b59382ab0396b4f368
1088,a8f16b8bf83b1bb049f5bd7a83c2d4e0c8b04925
1096,ca9b6d0c814bffc8551debcf2317a60c0ab58df3
434,ecc4cc76e84a3ea80b28cbeba58e05f6e637bdab
944,b5c8c04927b8b59e64e065ff5e1422d27c2d8f71
362,1ac13fa7f87f6c81816b53f29d048df48a55bd25
294,d01c26a4b7e2845668bc0873aa9f95137cdd5c95
844,f56404ad6131bd06e10b57064a1795bedce39ee0
0,cb7e6cd5b4581c26a93edaa71fba54b35f11e79d
1427,657803cdb7e8361bf02208ee435d8fbf900b2903
126,2563b6ee1742674a54344f6a9610e88be15121c9
606,37d9cca5df12c5d6104038179f20e6d34aa58a74
104,ded3f0f3560b623900fd99571eaf1026a2f5691f
539,86b3d6161c14fb63724323a1ee6802308bc6751d
1030,9d083f17b6a4fa099dac6783c5de500539ccaa85
289,933e150126a6935bccb45da403e21c990fa0cd46
1298,f494f8f34cf589fe6dff8d48f5a5886452297727
1529,8714a0f722663ea5cb16c14c5b8a01e57574cd93
938,15925a5bb0bed57dde21c071997d79c411068162
1693,6a3f93e6f695d12f63ef48c5e33f0d24658bd596
190,6ebe4f4b82e23a8544e348ba1fe75255a3f011f3
391,01ce805e5c923e4bfd04f5e7c41c7728d5848aab
362,992f6b80321467d5114ff752b5aa31820a2d0d66
1308,2e7c3198e4d9e5e3fce876da83c3ef0d2ce6423a
513,237bcbdcd40b27c1bae2d191d8b7c60bd20da72e
1108,6657591cb459b058643f2d31c7ee96df1d01fc95
1114,acda70bccad1a506f13053e216a22c9ecfc5997c
944,42b4d33be64a2d00d2a1665697d6d2d0efee19fe
216,d63012f869c355b014b4fd9bb0866621e89b3baf
553,07d604f2c4fdcd67dd0463e5867d01abaf420090
231,00dc9346a4cbb936e0a6a564d5cd556e931cf4da
355,56a7423020a6f258afefbca5fb5cdbcbd2768ae1
0,1ac5f1af46bfd48b29d97f3663d0328f6d890b5d
1024,79b654d49d19ef3463152864e0485b9f500e8ed4
888,2bccb1d2f845cb2ef385acebfde0773a21bdc925
593,151de0d737501af5dcfee8a21bc7d18ff6edddc8
376,151de0d737501af5dcfee8a21bc7d18ff6edddc8
871,1c9c61798fc66195dbd015df2244f90c92a1094a
430,f63257710f2caeb697f47522abe70b67296d4b2d
1382,80e4928bc2a2ff168ad9cd2bab60c8896b6dd38d
12,6dbd767dac486c6c8d435eb8dda2cf55cfe90bc0
1302,fcc3260b5a1e83ef05302f2eb6b7d4fd40fad1ef
705,e2620d31bab2ef08518d0fa0963de6ee87f6506e
442,f30de5ca80829958171b3102f678ed831eaa46fe
293,e4d6877dd99b667c6fda57a6f5b914a3e03912cb
1196,ee8e393ee7a4f245861b1648966ca05adef5096f
687,a26d3b136f0c8b24904f062bfbc1d2b14448eac1
254,0935b073a7d2d2c02dccbd621369ac2960f9c091
1151,49bf055acf29dcc1aa69bd37e97b5dfe3015e7ba
362,a16ed788407400b1863dc5c9d9b707293a4ff133
833,efe408bafef6edd3076d35ea85117a032d136879
1604,e24c4afb699c2930d372c701fe2de874a2a2f6c0
1541,e24c4afb699c2930d372c701fe2de874a2a2f6c0
510,35032b8b4e08e8873ac02d96cb2a63f5b19daae3
981,2cfaf19221b07b57b0b42d9e843a2e464c0ead21
510,4641c87ebc5e8cd9d2764b6a17445d6ce7dc3997
1516,edec611f07d4e7a352a3332af271207652caab02
408,db1208973c21061f2af548ec3407ff11656d9e37
405,625ea72a7aea8e20f8f82665567a7b4d12672e4b
296,9bcb6affd525cb9a971091e5d33c5bc549629d73
62,567ee55e95b3b52c514dfbe4698ae247ab1c6369
270,611c3a7753cdacef3f168a8dddd4786226445bfa
982,f99a18f07f743bdde96cc08140715b6bc3312abf
494,a704e1731bd11c63cc4de416073a97b54ccb9fa2
124,9125a01281b9e90412e362da9758f6b361eabb91
167,b64eb1cc7459f94a0140304e658e6faf97191b7f
427,b64eb1cc7459f94a0140304e658e6faf97191b7f
1340,5592426ee15d7b81dcc3d8213704be47fe113227
1075,7071580d31460d854b5f1d7148c37c0c8c42c3f7
1662,eb77ce6e6dd546d9389fd105e47c4883bd943879
1180,802464db19ab8ea041ba35f26335ba376d61c51d
361,0e1fcf6cf220576c1ed87dca7663087815a76a21
104,e3f80a1ee2c6aa94be0eb183856bf1c1271a67e3
437,6fa7225686f34c8f77e843e115e2bda08f70996b
152,4d1b7231f462d8d4a7a61566c081e6b3bae53217
1200,e3ec9d80c23269e3160494575dfa283459da5e02
294,6510938993147374125229bf833dc676a5aeae84
1389,ede812b2b7c6519cd2a4eebfca0538a65b7d7a8d
251,93443ba1fb1718ddf5cd82751e14fd6732a3b896
1282,cd829a2c43a6866179abe58ce12a4133b932c65c
1224,a3306645e446d00237e41d722e0ee74f89dcec84
387,cba4ea758c612ebe9b4b056e82c89bb9de6091b4
933,a28cf1dc0d4191ccd4b4798a2cdb27348a3d96dd
236,2951ca4f74fcb3636baf57d5b3599f3aa1bdea61
99,b2a36644582be4918493f1821fd9593b1f92995a
1232,aeb8c72aec0ad5be73d94eb21ad4b90517e7b00b
0,a5d11b9b60499ab6229ba3ae68dedab6f527fb18
395,ac6f7580a59d9a44ac8f919ffd75d1c98621aef3
587,d2915a0b38562de5b27f06e7a6ec5f6c35c9c06f
721,c3fe242df3a9bd14a12014671cac30aad7c39dfe
1529,e4ba7887fc6dbf17c3d73f8d4aa1045eeb48d53e
867,bee7405746e85665cabb64201d6bb3547f633189
142,089d1329cff0a8412470b897cdc6bcd09f7a9793
1615,c34e8a84c39b7bd2175cdbcb8583d487548a34b4
609,44f8d0adc2c4b3d7b4b5ce6b2eefedada51e6b9a
41,e63dd05d6d37e241bd55346aaef5ddf6e2d9bb1f
338,0b499309aa7072f7e007e1413d26a2f5b19df6d5
249,f518dba33d7c6116a5e65be9160fc48f61b989a4
264,e244bcaa2ff6ddf4aced9f7645abaa88400a197a
300,ef044f501e5629fe0ac46f29b82ee4cc65b35c5b
1302,09127f56c636ee637eb1f07d0eba3440b6712f10
0,e01672cacfa361300316a3b8bd7ef497f33a958f
155,ee4a2614f4644ff8571ae32de59908d37428e5fe
519,71ecd11a54369ad8d98ec7a297899983b24ed7d8
914,c586b3e013fa57feebea59b6e1cf4aab615b9b04
910,c586b3e013fa57feebea59b6e1cf4aab615b9b04
126,db362c22307a9cdb51bdb81fe7db6e380a7b12bc
249,af5cf6c3ed0224ca611adbd9ab20485f8cf1633d
150,0a949d84fff3d1592b27676e04ca6bb889c0920a
149,0a949d84fff3d1592b27676e04ca6bb889c0920a
0,a320da91873e98640378fd0afbf811d820526087
1232,8c539d2b051ce7f9ac6a9b13256708935b6ad44a
694,fc0ecc2dfc137f0aa6c000064144ff98f447db25
1693,8be44ab3bb5e92c664203d0974bbfc2379496281
1513,d6a08331597861de59819b0f5b10e68c6dd57113
1333,00566b139ec2bf0355864b333a8331b6fac1add9
