score,alpha,eta,num_topics
0.46958463616357216,0.1,0.1,50
0.44936646439392824,0.1,0.1,100
0.37990954414520584,0.1,0.1,150
0.38169495757730987,0.1,0.1,200
0.37022419497438269,0.1,0.1,250
0.29776696107294448,0.1,0.1,300
0.27044958739224262,0.1,0.1,350
0.29627661972159836,0.1,0.1,400
0.27548067851445396,0.1,0.1,450
0.24063071689097124,0.1,0.1,500
0.42665941016376635,0.1,0.2,50
0.45722374583504172,0.1,0.2,100
0.4389577448383673,0.1,0.2,150
0.42467641749595508,0.1,0.2,200
0.37604058270039015,0.1,0.2,250
0.3181006392614244,0.1,0.2,300
0.29750502631670106,0.1,0.2,350
0.2858544847831348,0.1,0.2,400
0.2555762269139652,0.1,0.2,450
0.26147122238907949,0.1,0.2,500
0.45283182733695365,0.1,0.3,50
0.36653115619683818,0.1,0.3,100
0.40472086562669701,0.1,0.3,150
0.40721949731242946,0.1,0.3,200
0.34889181591345098,0.1,0.3,250
0.33680700656864587,0.1,0.3,300
0.29744491730601208,0.1,0.3,350
0.28048942706113972,0.1,0.3,400
0.25175024048061079,0.1,0.3,450
0.22828841791726306,0.1,0.3,500
0.38454804858372987,0.1,0.4,50
0.37372251500706127,0.1,0.4,100
0.4262248498424196,0.1,0.4,150
0.40504434233391223,0.1,0.4,200
0.33483648931032878,0.1,0.4,250
0.3272975364614627,0.1,0.4,300
0.33700541309431947,0.1,0.4,350
0.2724874671638759,0.1,0.4,400
0.28270434448712795,0.1,0.4,450
0.24741032641221625,0.1,0.4,500
0.4260662166635435,0.1,0.5,50
0.41027751702443371,0.1,0.5,100
0.40722821023524586,0.1,0.5,150
0.3421065588753231,0.1,0.5,200
0.33840800632918949,0.1,0.5,250
0.32674207217373924,0.1,0.5,300
0.33580628704010063,0.1,0.5,350
0.2614444926362991,0.1,0.5,400
0.255415695376984,0.1,0.5,450
0.23523464349341183,0.1,0.5,500
0.41367248145506813,0.1,0.6,50
0.37506647951888666,0.1,0.6,100
0.37142089672157919,0.1,0.6,150
0.3638473441354208,0.1,0.6,200
0.39937451433901588,0.1,0.6,250
0.32961868328795191,0.1,0.6,300
0.29580109458621284,0.1,0.6,350
0.30516889456113494,0.1,0.6,400
0.25299507411188277,0.1,0.6,450
0.23282211535107872,0.1,0.6,500
0.31382818110370664,0.1,0.7,50
0.40340225482623826,0.1,0.7,100
0.36870473389432312,0.1,0.7,150
0.36774610260344459,0.1,0.7,200
0.38203627165044463,0.1,0.7,250
0.35139236927938344,0.1,0.7,300
0.26296180948892878,0.1,0.7,350
0.26712928427320004,0.1,0.7,400
0.26111685244402266,0.1,0.7,450
0.25417064449464305,0.1,0.7,500
0.40147907327999915,0.1,0.8,50
0.39309358799982075,0.1,0.8,100
0.37724619109716656,0.1,0.8,150
0.37839385451741281,0.1,0.8,200
0.36004103775409713,0.1,0.8,250
0.29731937192961844,0.1,0.8,300
0.28467698232942351,0.1,0.8,350
0.26073979641357536,0.1,0.8,400
0.25447461777778119,0.1,0.8,450
0.24919946482399866,0.1,0.8,500
0.34723345828766317,0.1,0.9,50
0.40994436034980003,0.1,0.9,100
0.32787322737279001,0.1,0.9,150
0.3474153315911695,0.1,0.9,200
0.31201269963931649,0.1,0.9,250
0.35318859063598446,0.1,0.9,300
0.32273284494273918,0.1,0.9,350
0.27033341019714147,0.1,0.9,400
0.22685930327783405,0.1,0.9,450
0.20760740534633362,0.1,0.9,500
0.3068496012520745,0.1,1.0,50
0.3994493313161287,0.1,1.0,100
0.32801612980477302,0.1,1.0,150
0.31830979817976301,0.1,1.0,200
0.30606267978008073,0.1,1.0,250
0.29411018470063882,0.1,1.0,300
0.28122886949968101,0.1,1.0,350
0.28714164161161582,0.1,1.0,400
0.27936937143679913,0.1,1.0,450
0.29951983143128164,0.1,1.0,500
0.4539332518653923,0.1,auto,50
0.43455055443477475,0.1,auto,100
0.39636301353610309,0.1,auto,150
0.33856003378875449,0.1,auto,200
0.28997637843597318,0.1,auto,250
0.28360149241467197,0.1,auto,300
0.26682564912468454,0.1,auto,350
0.22172509000638602,0.1,auto,400
0.20284683371476753,0.1,auto,450
0.17133777095151434,0.1,auto,500
0.41962758410716611,0.1,,50
0.44350675938833273,0.1,,100
0.42266651393315124,0.1,,150
0.34922010997190861,0.1,,200
0.28872541172213129,0.1,,250
0.26599766163634669,0.1,,300
0.24040632214695945,0.1,,350
0.23993710302505225,0.1,,400
0.20321878925262704,0.1,,450
0.1762485094682302,0.1,,500
0.37844609501464055,0.2,0.1,50
0.38733516855347555,0.2,0.1,100
0.3223478851026631,0.2,0.1,150
0.22984953070975037,0.2,0.1,200
0.24773141856952804,0.2,0.1,250
0.20373718139336525,0.2,0.1,300
0.15718034571581457,0.2,0.1,350
0.1402395213896124,0.2,0.1,400
0.12446037526960645,0.2,0.1,450
0.093389214728644213,0.2,0.1,500
0.34573347034930152,0.2,0.2,50
0.40908100726143687,0.2,0.2,100
0.30598062981838114,0.2,0.2,150
0.26038369943582163,0.2,0.2,200
0.23814184783759126,0.2,0.2,250
0.20361717805630017,0.2,0.2,300
0.16530268015761199,0.2,0.2,350
0.14006130635146505,0.2,0.2,400
0.12481718926916091,0.2,0.2,450
0.10010919697757786,0.2,0.2,500
0.3700914255739135,0.2,0.3,50
0.35022065026046761,0.2,0.3,100
0.31380892831530888,0.2,0.3,150
0.28476864326878382,0.2,0.3,200
0.20916670465021342,0.2,0.3,250
0.19695459925728495,0.2,0.3,300
0.15819344370161903,0.2,0.3,350
0.14234727838874137,0.2,0.3,400
0.10787199986488118,0.2,0.3,450
0.10686811287441808,0.2,0.3,500
0.38183973557971318,0.2,0.4,50
0.39659010288330843,0.2,0.4,100
0.29043470777071029,0.2,0.4,150
0.28523891720469791,0.2,0.4,200
0.25006002313674436,0.2,0.4,250
0.17814308537273649,0.2,0.4,300
0.16242954416520766,0.2,0.4,350
0.15159025335801882,0.2,0.4,400
0.1308221974082438,0.2,0.4,450
0.10188092614014505,0.2,0.4,500
0.32123506207299279,0.2,0.5,50
0.33640340820234432,0.2,0.5,100
0.32089151110990288,0.2,0.5,150
0.26881818260282364,0.2,0.5,200
0.23162410076184575,0.2,0.5,250
0.1974934832407394,0.2,0.5,300
0.1650351944325093,0.2,0.5,350
0.13773902964417292,0.2,0.5,400
0.13659230704396252,0.2,0.5,450
0.13158801257971645,0.2,0.5,500
0.38611261913063111,0.2,0.6,50
0.421417288559162,0.2,0.6,100
0.28949938486763788,0.2,0.6,150
0.23988018874621367,0.2,0.6,200
0.22233573623816705,0.2,0.6,250
0.18465284706937662,0.2,0.6,300
0.16840317722686896,0.2,0.6,350
0.15756852405501226,0.2,0.6,400
0.13177146311429558,0.2,0.6,450
0.11664050457390125,0.2,0.6,500
0.2860006119211615,0.2,0.7,50
0.38154976771243315,0.2,0.7,100
0.25656681680078769,0.2,0.7,150
0.2601404384132292,0.2,0.7,200
0.25269329054258738,0.2,0.7,250
0.19433155425231774,0.2,0.7,300
0.18330255207222518,0.2,0.7,350
0.15283137857700943,0.2,0.7,400
0.12751081279510468,0.2,0.7,450
0.1218173232277981,0.2,0.7,500
0.30382843778114904,0.2,0.8,50
0.27027902074286614,0.2,0.8,100
0.25975709175952816,0.2,0.8,150
0.25672340602087257,0.2,0.8,200
0.21968597771256132,0.2,0.8,250
0.22099850685230654,0.2,0.8,300
0.14582905978245259,0.2,0.8,350
0.14719586539124929,0.2,0.8,400
0.109997364793766,0.2,0.8,450
0.10726593055646884,0.2,0.8,500
0.3282087980532456,0.2,0.9,50
0.37011028623643905,0.2,0.9,100
0.30325206324035331,0.2,0.9,150
0.23781913462650797,0.2,0.9,200
0.20855242843990054,0.2,0.9,250
0.20982812230566378,0.2,0.9,300
0.16116958907087114,0.2,0.9,350
0.1456868837460159,0.2,0.9,400
0.14057159316878987,0.2,0.9,450
0.12206150791533471,0.2,0.9,500
0.27008669104702104,0.2,1.0,50
0.38739867427452307,0.2,1.0,100
0.27072302094160966,0.2,1.0,150
0.26769268354626086,0.2,1.0,200
0.205378318434247,0.2,1.0,250
0.19936440990877335,0.2,1.0,300
0.15962995772480892,0.2,1.0,350
0.15248157830117021,0.2,1.0,400
0.14337156604546566,0.2,1.0,450
0.11193840775914622,0.2,1.0,500
0.40689102892164508,0.2,auto,50
0.41118155263852851,0.2,auto,100
0.29979850423497356,0.2,auto,150
0.24574923808166624,0.2,auto,200
0.19286126335944842,0.2,auto,250
0.1769853754075735,0.2,auto,300
0.13599224479231631,0.2,auto,350
0.10438890340659628,0.2,auto,400
0.087070560049666082,0.2,auto,450
0.072291691951644088,0.2,auto,500
0.3904177332369585,0.2,,50
0.3485401622182534,0.2,,100
0.28681040325724433,0.2,,150
0.23503632912817196,0.2,,200
0.19955446687402897,0.2,,250
0.16685128726425807,0.2,,300
0.11818157264671773,0.2,,350
0.12053264292219507,0.2,,400
0.077458725422234614,0.2,,450
0.071123545222275944,0.2,,500
0.34399213134599177,0.3,0.1,50
0.31978067997075221,0.3,0.1,100
0.22727646120376815,0.3,0.1,150
0.18961625544483571,0.3,0.1,200
0.16085292722542849,0.3,0.1,250
0.11956714660767109,0.3,0.1,300
0.076562630955420569,0.3,0.1,350
0.071586126028765046,0.3,0.1,400
0.056166512515526602,0.3,0.1,450
0.055668016963085619,0.3,0.1,500
0.33392031788199411,0.3,0.2,50
0.30494849853376205,0.3,0.2,100
0.23447174935491774,0.3,0.2,150
0.15331167101679619,0.3,0.2,200
0.15161645627870721,0.3,0.2,250
0.12200221795843708,0.3,0.2,300
0.094013284679667505,0.3,0.2,350
0.06912651693817258,0.3,0.2,400
0.057866707062503721,0.3,0.2,450
0.0536829299460393,0.3,0.2,500
0.30775947363082923,0.3,0.3,50
0.28399079999830856,0.3,0.3,100
0.22130403100533358,0.3,0.3,150
0.17422635557425514,0.3,0.3,200
0.13878696619611738,0.3,0.3,250
0.12683375143630796,0.3,0.3,300
0.10529081311382026,0.3,0.3,350
0.080495357141122631,0.3,0.3,400
0.067445010393786281,0.3,0.3,450
0.061956475775847931,0.3,0.3,500
0.32174266126972589,0.3,0.4,50
0.31252151447608867,0.3,0.4,100
0.24574505290000481,0.3,0.4,150
0.18938587150092265,0.3,0.4,200
0.14757971791755595,0.3,0.4,250
0.11483466307446924,0.3,0.4,300
0.087892726255435191,0.3,0.4,350
0.070451951423244924,0.3,0.4,400
0.075973914233282994,0.3,0.4,450
0.061551244973015846,0.3,0.4,500
0.26704631530575801,0.3,0.5,50
0.34675230739298729,0.3,0.5,100
0.21655803472419352,0.3,0.5,150
0.16782389911752998,0.3,0.5,200
0.13221900416580551,0.3,0.5,250
0.13069230179407673,0.3,0.5,300
0.099533568391355867,0.3,0.5,350
0.086028163779129585,0.3,0.5,400
0.067137916830142086,0.3,0.5,450
0.056255735781762795,0.3,0.5,500
0.29002490981820322,0.3,0.6,50
0.33516516147114206,0.3,0.6,100
0.18161919889903852,0.3,0.6,150
0.17783238634598675,0.3,0.6,200
0.13886418637012857,0.3,0.6,250
0.11813807672238913,0.3,0.6,300
0.10010119142229275,0.3,0.6,350
0.09754253273374186,0.3,0.6,400
0.076959420084534935,0.3,0.6,450
0.055568933275757529,0.3,0.6,500
0.26948577856002243,0.3,0.7,50
0.31484424671109917,0.3,0.7,100
0.21741594348417961,0.3,0.7,150
0.16264135470961638,0.3,0.7,200
0.15823945919611657,0.3,0.7,250
0.12966398561104167,0.3,0.7,300
0.089433591890846875,0.3,0.7,350
0.085687029165284367,0.3,0.7,400
0.077615457022010448,0.3,0.7,450
0.058770526741547952,0.3,0.7,500
0.25563085979851402,0.3,0.8,50
0.3275219964548613,0.3,0.8,100
0.20155482352049511,0.3,0.8,150
0.17512565677444084,0.3,0.8,200
0.13396588981439089,0.3,0.8,250
0.12367688347439797,0.3,0.8,300
0.098183197326958238,0.3,0.8,350
0.090415552445210337,0.3,0.8,400
0.064839673259361588,0.3,0.8,450
0.067576950624692059,0.3,0.8,500
0.27861484626262134,0.3,0.9,50
0.31268590621659353,0.3,0.9,100
0.21862894441691941,0.3,0.9,150
0.185276459769946,0.3,0.9,200
0.13578189950602895,0.3,0.9,250
0.12847942482594055,0.3,0.9,300
0.10510970586883679,0.3,0.9,350
0.088677361744049915,0.3,0.9,400
0.077954162546414046,0.3,0.9,450
0.059802389626287207,0.3,0.9,500
0.29847669938254046,0.3,1.0,50
0.23815294082897842,0.3,1.0,100
0.21063898272605114,0.3,1.0,150
0.16087320401038846,0.3,1.0,200
0.14922888239904364,0.3,1.0,250
0.12720448760893521,0.3,1.0,300
0.1146573015551897,0.3,1.0,350
0.07289556138771433,0.3,1.0,400
0.07396244602926362,0.3,1.0,450
0.062272549944668534,0.3,1.0,500
0.33883963387476829,0.3,auto,50
0.26970949065071231,0.3,auto,100
0.23063886632436231,0.3,auto,150
0.1572113384104484,0.3,auto,200
0.11032581690419532,0.3,auto,250
0.086282345244391198,0.3,auto,300
0.067662367959984024,0.3,auto,350
0.058818469848839275,0.3,auto,400
0.043316373118530663,0.3,auto,450
0.041069828510933243,0.3,auto,500
0.3441583751083368,0.3,,50
0.27249137157966141,0.3,,100
0.22298706097449941,0.3,,150
0.16621977389665624,0.3,,200
0.10601959823556276,0.3,,250
0.090741460350808323,0.3,,300
0.06832868224538946,0.3,,350
0.057922506708431264,0.3,,400
0.045195286533124837,0.3,,450
0.034679152091429376,0.3,,500
0.27969892971622218,0.4,0.1,50
0.23970591753711895,0.4,0.1,100
0.15594535376062307,0.4,0.1,150
0.12178163763272916,0.4,0.1,200
0.075508979023672623,0.4,0.1,250
0.070927622596423948,0.4,0.1,300
0.054261337852947678,0.4,0.1,350
0.045215272040865735,0.4,0.1,400
0.036162912422711573,0.4,0.1,450
0.034708948061174853,0.4,0.1,500
0.28319525943372109,0.4,0.2,50
0.26415806957740229,0.4,0.2,100
0.20526118419084774,0.4,0.2,150
0.11450597172565279,0.4,0.2,200
0.088698097147333607,0.4,0.2,250
0.06648402478905488,0.4,0.2,300
0.051402158756519607,0.4,0.2,350
0.050564808571550053,0.4,0.2,400
0.040105216155441027,0.4,0.2,450
0.042449117938054594,0.4,0.2,500
0.24573415156688036,0.4,0.3,50
0.27218828334964273,0.4,0.3,100
0.18228055872939025,0.4,0.3,150
0.12154009814933769,0.4,0.3,200
0.10835056139395483,0.4,0.3,250
0.070446869741443388,0.4,0.3,300
0.066544021485442292,0.4,0.3,350
0.05252511744521024,0.4,0.3,400
0.047014611758250363,0.4,0.3,450
0.036582144022521766,0.4,0.3,500
0.25549395618239673,0.4,0.4,50
0.369709545342921,0.4,0.4,100
0.16371668494965333,0.4,0.4,150
0.14037018341311111,0.4,0.4,200
0.106036646603658,0.4,0.4,250
0.078270816252217199,0.4,0.4,300
0.05982758967818453,0.4,0.4,350
0.060340699419002386,0.4,0.4,400
0.047979183182645428,0.4,0.4,450
0.038036709985552739,0.4,0.4,500
0.25660698020194667,0.4,0.5,50
0.35121595435808911,0.4,0.5,100
0.17229322112772052,0.4,0.5,150
0.14594456665149602,0.4,0.5,200
0.097076538949507865,0.4,0.5,250
0.081213357586785398,0.4,0.5,300
0.074931526745706092,0.4,0.5,350
0.050181453615163796,0.4,0.5,400
0.049161521756681051,0.4,0.5,450
0.041271689864573753,0.4,0.5,500
0.25534180600102918,0.4,0.6,50
0.28539924488765095,0.4,0.6,100
0.16477195740754091,0.4,0.6,150
0.12220990841768974,0.4,0.6,200
0.093753342191774572,0.4,0.6,250
0.085683461916498838,0.4,0.6,300
0.075276676752843497,0.4,0.6,350
0.058986204726384849,0.4,0.6,400
0.050497224985759426,0.4,0.6,450
0.053209507431218203,0.4,0.6,500
0.23620986376088104,0.4,0.7,50
0.31014045598090967,0.4,0.7,100
0.15146262336872285,0.4,0.7,150
0.13127943236874065,0.4,0.7,200
0.079740686752594575,0.4,0.7,250
0.092552495840434637,0.4,0.7,300
0.066050622180089752,0.4,0.7,350
0.059669869307971767,0.4,0.7,400
0.04501347557144332,0.4,0.7,450
0.038088149346669584,0.4,0.7,500
0.23632195396857639,0.4,0.8,50
0.32153518106505424,0.4,0.8,100
0.15324322790255213,0.4,0.8,150
0.12368944775947857,0.4,0.8,200
0.10264303539996951,0.4,0.8,250
0.078762161545937195,0.4,0.8,300
0.067265037753870258,0.4,0.8,350
0.050951319744298847,0.4,0.8,400
0.043782710480934975,0.4,0.8,450
0.045890323761653182,0.4,0.8,500
0.2491741373391991,0.4,0.9,50
0.2697135150684431,0.4,0.9,100
0.16028389601927609,0.4,0.9,150
0.11990397672891906,0.4,0.9,200
0.11806108044264103,0.4,0.9,250
0.076695836059431963,0.4,0.9,300
0.06197493900804301,0.4,0.9,350
0.064573406536343816,0.4,0.9,400
0.045347115559629426,0.4,0.9,450
0.042466900126221535,0.4,0.9,500
0.19234888341167716,0.4,1.0,50
0.27596556767006769,0.4,1.0,100
0.16226031910019081,0.4,1.0,150
0.11099001200087943,0.4,1.0,200
0.091791229006247366,0.4,1.0,250
0.073101899756577673,0.4,1.0,300
0.051893989841405995,0.4,1.0,350
0.052828434683705489,0.4,1.0,400
0.050924833311061617,0.4,1.0,450
0.033368475644543434,0.4,1.0,500
0.2361737691494353,0.4,auto,50
0.22454628425521142,0.4,auto,100
0.15973194694352896,0.4,auto,150
0.10378885476331902,0.4,auto,200
0.066237999523048208,0.4,auto,250
0.048195409067295261,0.4,auto,300
0.037700856847406566,0.4,auto,350
0.029656498628504127,0.4,auto,400
0.028720488560221139,0.4,auto,450
0.026568472575063187,0.4,auto,500
0.26501832638061584,0.4,,50
0.2435050192992074,0.4,,100
0.14780110633739771,0.4,,150
0.099751787254177687,0.4,,200
0.063457614195072315,0.4,,250
0.048281745978077925,0.4,,300
0.037792748466000843,0.4,,350
0.032247362587694006,0.4,,400
0.025559125346044455,0.4,,450
0.024376384147203143,0.4,,500
0.16874279994942643,0.5,0.1,50
0.20727040045967493,0.5,0.1,100
0.14182053994948471,0.5,0.1,150
0.081630288604298357,0.5,0.1,200
0.066823242086116244,0.5,0.1,250
0.051748739425820076,0.5,0.1,300
0.04546809064789932,0.5,0.1,350
0.034815385057477582,0.5,0.1,400
0.033008703061596534,0.5,0.1,450
0.027083087556876315,0.5,0.1,500
0.22399944882706679,0.5,0.2,50
0.22486515289310446,0.5,0.2,100
0.12086426730178272,0.5,0.2,150
0.086722505892158464,0.5,0.2,200
0.068539426086003039,0.5,0.2,250
0.048786152439872672,0.5,0.2,300
0.042520504653973598,0.5,0.2,350
0.039767748908665052,0.5,0.2,400
0.037350096559165026,0.5,0.2,450
0.032256114548167458,0.5,0.2,500
0.21896068055504245,0.5,0.3,50
0.3106725736718679,0.5,0.3,100
0.15252439934029013,0.5,0.3,150
0.084471352153899865,0.5,0.3,200
0.068008232748616948,0.5,0.3,250
0.046757216169964595,0.5,0.3,300
0.04610062979274461,0.5,0.3,350
0.035029615597022785,0.5,0.3,400
0.047866567770594601,0.5,0.3,450
0.041958382046273883,0.5,0.3,500
0.23290530791174577,0.5,0.4,50
0.19580409064583387,0.5,0.4,100
0.13787523093921383,0.5,0.4,150
0.092664677143065338,0.5,0.4,200
0.060839262914137257,0.5,0.4,250
0.053286024521477064,0.5,0.4,300
0.047368250823727712,0.5,0.4,350
0.046338634191492804,0.5,0.4,400
0.038496105281618891,0.5,0.4,450
0.035657585201129133,0.5,0.4,500
0.20089472106370163,0.5,0.5,50
0.21390838572014484,0.5,0.5,100
0.13428296094789807,0.5,0.5,150
0.089904523685242835,0.5,0.5,200
0.063955182730464188,0.5,0.5,250
0.057506757956014933,0.5,0.5,300
0.051358972414777104,0.5,0.5,350
0.040973282162006255,0.5,0.5,400
0.035805599544242984,0.5,0.5,450
0.035053032589816367,0.5,0.5,500
0.19863190828021532,0.5,0.6,50
0.24275472545539623,0.5,0.6,100
0.12460132676586395,0.5,0.6,150
0.086776068823787106,0.5,0.6,200
0.08838701688494302,0.5,0.6,250
0.058790962658355213,0.5,0.6,300
0.05001199733661095,0.5,0.6,350
0.039505477767225829,0.5,0.6,400
0.035859017555352313,0.5,0.6,450
0.031454627004618214,0.5,0.6,500
0.20018435356857051,0.5,0.7,50
0.23181420601770567,0.5,0.7,100
0.13446804606944576,0.5,0.7,150
0.09333942496159342,0.5,0.7,200
0.076510607422164256,0.5,0.7,250
0.063634981022914303,0.5,0.7,300
0.046477875777433772,0.5,0.7,350
0.036778245871858344,0.5,0.7,400
0.03540111958289914,0.5,0.7,450
0.040421810616844259,0.5,0.7,500
0.20307721463273851,0.5,0.8,50
0.23994165387291311,0.5,0.8,100
0.13306106371359833,0.5,0.8,150
0.091465211410015027,0.5,0.8,200
0.061623902003490029,0.5,0.8,250
0.059032322312611483,0.5,0.8,300
0.047092039125639223,0.5,0.8,350
0.047514423219622903,0.5,0.8,400
0.028882199695445001,0.5,0.8,450
0.040209108460660059,0.5,0.8,500
0.18583586977802147,0.5,0.9,50
0.24743192804494724,0.5,0.9,100
0.12208147149601557,0.5,0.9,150
0.087670018233446848,0.5,0.9,200
0.063799568444653926,0.5,0.9,250
0.059999324161266056,0.5,0.9,300
0.048722953650943042,0.5,0.9,350
0.035169698803864419,0.5,0.9,400
0.033986958591630707,0.5,0.9,450
0.028304431890728912,0.5,0.9,500
0.19870053709603697,0.5,1.0,50
0.20315786028768471,0.5,1.0,100
0.12519437406308509,0.5,1.0,150
0.093866382798351633,0.5,1.0,200
0.083799564551248637,0.5,1.0,250
0.051131367941909277,0.5,1.0,300
0.036156698997478164,0.5,1.0,350
0.044560502755241961,0.5,1.0,400
0.034966945671256446,0.5,1.0,450
0.028281836163802313,0.5,1.0,500
0.16839206309169633,0.5,auto,50
0.1943045388077593,0.5,auto,100
0.10582321023992201,0.5,auto,150
0.05118332731353363,0.5,auto,200
0.031870392910971525,0.5,auto,250
0.034287320742239558,0.5,auto,300
0.03358602248019376,0.5,auto,350
0.040307352318804723,0.5,auto,400
0.052115772329171223,0.5,auto,450
0.046192320614071268,0.5,auto,500
0.2203062045304347,0.5,,50
0.19310560894243586,0.5,,100
0.1105105453002235,0.5,,150
0.041095238157857344,0.5,,200
0.038673496273381694,0.5,,250
0.031159948685330105,0.5,,300
0.036591090447024098,0.5,,350
0.038957418656675111,0.5,,400
0.034795570721895631,0.5,,450
0.039709363348777699,0.5,,500
0.17239706265982299,0.6,0.1,50
0.16349634480562783,0.6,0.1,100
0.097895032992848616,0.6,0.1,150
0.062834828731649764,0.6,0.1,200
0.054571908548111968,0.6,0.1,250
0.032940700476994461,0.6,0.1,300
0.033521083107998534,0.6,0.1,350
0.030674802383135413,0.6,0.1,400
0.029498434132536475,0.6,0.1,450
0.028114619808240995,0.6,0.1,500
0.14821561252994764,0.6,0.2,50
0.18126799343187078,0.6,0.2,100
0.10666676048103206,0.6,0.2,150
0.072886543696190964,0.6,0.2,200
0.050816202245344701,0.6,0.2,250
0.045512704918749286,0.6,0.2,300
0.034849028670346685,0.6,0.2,350
0.036646042349025958,0.6,0.2,400
0.033898462362455604,0.6,0.2,450
0.028877441410057641,0.6,0.2,500
0.1798300788892149,0.6,0.3,50
0.20347509183102058,0.6,0.3,100
0.10726057513678733,0.6,0.3,150
0.078220049308103112,0.6,0.3,200
0.053109900969803912,0.6,0.3,250
0.048509819707018988,0.6,0.3,300
0.048171549046618883,0.6,0.3,350
0.032664352086943883,0.6,0.3,400
0.036084472050287614,0.6,0.3,450
0.029430042177661982,0.6,0.3,500
0.1695791792372521,0.6,0.4,50
0.20121442559780409,0.6,0.4,100
0.10597190929091525,0.6,0.4,150
0.064820506622023086,0.6,0.4,200
0.06537581331761752,0.6,0.4,250
0.052772527072106695,0.6,0.4,300
0.041981457010022885,0.6,0.4,350
0.035384208457447323,0.6,0.4,400
0.029318948260300612,0.6,0.4,450
0.027542368763709756,0.6,0.4,500
0.2008339486039806,0.6,0.5,50
0.22086932150302963,0.6,0.5,100
0.12717487761952539,0.6,0.5,150
0.062408848576097221,0.6,0.5,200
0.061327958388822108,0.6,0.5,250
0.048732768519616151,0.6,0.5,300
0.04816725926253821,0.6,0.5,350
0.040177366504826471,0.6,0.5,400
0.030581996556606462,0.6,0.5,450
0.03832394519454884,0.6,0.5,500
0.14013520828652321,0.6,0.6,50
0.19751214406360526,0.6,0.6,100
0.12118026061759424,0.6,0.6,150
0.059680480759885003,0.6,0.6,200
0.043002331973010705,0.6,0.6,250
0.042394432004956163,0.6,0.6,300
0.037191613076801557,0.6,0.6,350
0.036135087074375578,0.6,0.6,400
0.029691462510567243,0.6,0.6,450
0.036324659731833651,0.6,0.6,500
0.15821144952336016,0.6,0.7,50
0.16548244014743602,0.6,0.7,100
0.11494787157224756,0.6,0.7,150
0.06917756951775568,0.6,0.7,200
0.050098318227488371,0.6,0.7,250
0.041241731427708893,0.6,0.7,300
0.040944683528034764,0.6,0.7,350
0.033201313792746878,0.6,0.7,400
0.026987544804766426,0.6,0.7,450
0.02559319369782697,0.6,0.7,500
0.13599587866218887,0.6,0.8,50
0.1600027383142433,0.6,0.8,100
0.10250760829968,0.6,0.8,150
0.059578828519720628,0.6,0.8,200
0.066301722883965464,0.6,0.8,250
0.037997792889905631,0.6,0.8,300
0.032160462037285273,0.6,0.8,350
0.030966374660847302,0.6,0.8,400
0.032822446938035953,0.6,0.8,450
0.021005566022925165,0.6,0.8,500
0.15846628022372691,0.6,0.9,50
0.22841539226706903,0.6,0.9,100
0.10096082291701888,0.6,0.9,150
0.069404042834478902,0.6,0.9,200
0.050933274944356059,0.6,0.9,250
0.039921283469113673,0.6,0.9,300
0.035730146332399883,0.6,0.9,350
0.030689097782768706,0.6,0.9,400
0.029905337077570118,0.6,0.9,450
0.025085998236433413,0.6,0.9,500
0.11475080433626092,0.6,1.0,50
0.16534355257086225,0.6,1.0,100
0.09671321713563126,0.6,1.0,150
0.072848978595336983,0.6,1.0,200
0.034985169046895206,0.6,1.0,250
0.0452846791809286,0.6,1.0,300
0.023183836418081222,0.6,1.0,350
0.033334845219253166,0.6,1.0,400
0.021253056715738593,0.6,1.0,450
0.019296070321279019,0.6,1.0,500
0.13834652416916843,0.6,auto,50
0.17738108763863342,0.6,auto,100
0.065796924387891351,0.6,auto,150
0.042852262639326268,0.6,auto,200
0.033229798613285878,0.6,auto,250
0.02836245601741403,0.6,auto,300
0.03426061088447626,0.6,auto,350
0.033969367255598966,0.6,auto,400
0.045228101788048154,0.6,auto,450
0.041712238657256491,0.6,auto,500
0.15210487141548823,0.6,,50
0.15786803187380072,0.6,,100
0.07813478087933938,0.6,,150
0.038267558504260973,0.6,,200
0.024268050269736448,0.6,,250
0.0373420516809886,0.6,,300
0.027868379606546829,0.6,,350
0.036383549779330525,0.6,,400
0.046118074086207377,0.6,,450
0.040826664338685835,0.6,,500
0.11606619218427162,0.7,0.1,50
0.15037053532040848,0.7,0.1,100
0.080618048500613382,0.7,0.1,150
0.0536765869092172,0.7,0.1,200
0.043636367400609534,0.7,0.1,250
0.044474008517126004,0.7,0.1,300
0.030643924199332723,0.7,0.1,350
0.028814002703861814,0.7,0.1,400
0.02726387430525953,0.7,0.1,450
0.026864662254518265,0.7,0.1,500
0.1387143374888602,0.7,0.2,50
0.13780833157168482,0.7,0.2,100
0.091925248016148126,0.7,0.2,150
0.052086010730376178,0.7,0.2,200
0.053221016281278968,0.7,0.2,250
0.040166944468216885,0.7,0.2,300
0.033849764902140568,0.7,0.2,350
0.028435702362666557,0.7,0.2,400
0.034478130022838047,0.7,0.2,450
0.040271610236543035,0.7,0.2,500
0.14928506994745566,0.7,0.3,50
0.15133096186346989,0.7,0.3,100
0.081024419355427438,0.7,0.3,150
0.048564750443747785,0.7,0.3,200
0.048534607005357583,0.7,0.3,250
0.036452923551100469,0.7,0.3,300
0.03439997364741261,0.7,0.3,350
0.034856546312235483,0.7,0.3,400
0.032473844586033716,0.7,0.3,450
0.033729696140169657,0.7,0.3,500
0.133674168367827,0.7,0.4,50
0.17308189799124371,0.7,0.4,100
0.094066590851389673,0.7,0.4,150
0.053755083764423117,0.7,0.4,200
0.050869727363920723,0.7,0.4,250
0.047799582906028003,0.7,0.4,300
0.034913038371312405,0.7,0.4,350
0.033220069587180476,0.7,0.4,400
0.02713115272057226,0.7,0.4,450
0.025721543332602674,0.7,0.4,500
0.11843229196945121,0.7,0.5,50
0.13591184961741598,0.7,0.5,100
0.080806752618556979,0.7,0.5,150
0.055008804467015462,0.7,0.5,200
0.048919782593086748,0.7,0.5,250
0.03885215663507819,0.7,0.5,300
0.033154637533359413,0.7,0.5,350
0.028880372054134226,0.7,0.5,400
0.025135198174200183,0.7,0.5,450
0.024357346043354378,0.7,0.5,500
0.13055997493297378,0.7,0.6,50
0.15278634368381311,0.7,0.6,100
0.087692679167810275,0.7,0.6,150
0.056049882318812298,0.7,0.6,200
0.048048820889439167,0.7,0.6,250
0.045684788808073779,0.7,0.6,300
0.03211668148498141,0.7,0.6,350
0.028395967753064046,0.7,0.6,400
0.024574475069817265,0.7,0.6,450
0.021318532340535348,0.7,0.6,500
0.11911499450207802,0.7,0.7,50
0.16615144891135306,0.7,0.7,100
0.095993222855453267,0.7,0.7,150
0.067099170584689935,0.7,0.7,200
0.054934661965575865,0.7,0.7,250
0.036531379871288558,0.7,0.7,300
0.026786062424854876,0.7,0.7,350
0.021738362508296076,0.7,0.7,400
0.027874471437887512,0.7,0.7,450
0.029103413902994039,0.7,0.7,500
0.12762504912383482,0.7,0.8,50
0.16267906387348968,0.7,0.8,100
0.080529433145533347,0.7,0.8,150
0.058577319718196769,0.7,0.8,200
0.036733977739071701,0.7,0.8,250
0.033777084308396023,0.7,0.8,300
0.025326648939460419,0.7,0.8,350
0.025477796537772372,0.7,0.8,400
0.026067710179430121,0.7,0.8,450
0.024416283149329282,0.7,0.8,500
0.10528755404126311,0.7,0.9,50
0.1432217970628768,0.7,0.9,100
0.068658216429603999,0.7,0.9,150
0.063534319297264788,0.7,0.9,200
0.040548628527001078,0.7,0.9,250
0.044880728468977699,0.7,0.9,300
0.02194548091250606,0.7,0.9,350
0.022396070035988497,0.7,0.9,400
0.021632036768204497,0.7,0.9,450
0.024886738782334317,0.7,0.9,500
0.10953030186880455,0.7,1.0,50
0.1240854752997962,0.7,1.0,100
0.066969789168844843,0.7,1.0,150
0.048550678667532286,0.7,1.0,200
0.043252563570310126,0.7,1.0,250
0.030413010363225218,0.7,1.0,300
0.028942842574671574,0.7,1.0,350
0.02202382949025208,0.7,1.0,400
0.020639420313858892,0.7,1.0,450
0.026840743929274678,0.7,1.0,500
0.12214741713134328,0.7,auto,50
0.16181650321675209,0.7,auto,100
0.056604107479898004,0.7,auto,150
0.048569830050424763,0.7,auto,200
0.028171329134676869,0.7,auto,250
0.046608041790221065,0.7,auto,300
0.035974967462222063,0.7,auto,350
0.041777218126931692,0.7,auto,400
0.042059927604092925,0.7,auto,450
0.045916754414921476,0.7,auto,500
0.11419427480504714,0.7,,50
0.14610333294429206,0.7,,100
0.06022687070281265,0.7,,150
0.029386901964292594,0.7,,200
0.03316179134197831,0.7,,250
0.03488894405408946,0.7,,300
0.045915074358101299,0.7,,350
0.039728164129911703,0.7,,400
0.039520205317457549,0.7,,450
0.038848571026525086,0.7,,500
0.11132978247952438,0.8,0.1,50
0.11981471568298513,0.8,0.1,100
0.067184360811009106,0.8,0.1,150
0.047632071751800176,0.8,0.1,200
0.034747707950543522,0.8,0.1,250
0.031470085020493865,0.8,0.1,300
0.030096009098174819,0.8,0.1,350
0.031259722123898888,0.8,0.1,400
0.029269341727163795,0.8,0.1,450
0.030516299348870811,0.8,0.1,500
0.11673187918620628,0.8,0.2,50
0.1171660595642942,0.8,0.2,100
0.067870650687999579,0.8,0.2,150
0.045111968642917659,0.8,0.2,200
0.036901201977273985,0.8,0.2,250
0.037292002778279716,0.8,0.2,300
0.034542383912256454,0.8,0.2,350
0.030421941788361731,0.8,0.2,400
0.026694174051320841,0.8,0.2,450
0.026127007275865536,0.8,0.2,500
0.099701450148859977,0.8,0.3,50
0.14494315389104306,0.8,0.3,100
0.060968310619948202,0.8,0.3,150
0.053202681390465537,0.8,0.3,200
0.040609717606738142,0.8,0.3,250
0.035595448956580851,0.8,0.3,300
0.026181378687683683,0.8,0.3,350
0.034452105188947049,0.8,0.3,400
0.031877232700458231,0.8,0.3,450
0.021485987614267784,0.8,0.3,500
0.10160046037003724,0.8,0.4,50
0.11394695845743548,0.8,0.4,100
0.07798276027932316,0.8,0.4,150
0.045732768212163946,0.8,0.4,200
0.03321090583835682,0.8,0.4,250
0.0466361923835662,0.8,0.4,300
0.030244511101165078,0.8,0.4,350
0.026098563080691476,0.8,0.4,400
0.02820128382569612,0.8,0.4,450
0.024773282925039216,0.8,0.4,500
0.11792977076915588,0.8,0.5,50
0.15007583185321341,0.8,0.5,100
0.063708496309256249,0.8,0.5,150
0.050788972366023803,0.8,0.5,200
0.030230223995484973,0.8,0.5,250
0.028835246169293186,0.8,0.5,300
0.029358298111036258,0.8,0.5,350
0.024106480927454755,0.8,0.5,400
0.027866818948805883,0.8,0.5,450
0.025847530867557932,0.8,0.5,500
0.11790012868267789,0.8,0.6,50
0.13950702803080023,0.8,0.6,100
0.074209948384334104,0.8,0.6,150
0.04133296785499211,0.8,0.6,200
0.035330911541266878,0.8,0.6,250
0.03550566818127656,0.8,0.6,300
0.027204093296443525,0.8,0.6,350
0.023069202168981513,0.8,0.6,400
0.028315899059966385,0.8,0.6,450
0.019711294066482837,0.8,0.6,500
0.10637705357416949,0.8,0.7,50
0.12187906917724435,0.8,0.7,100
0.083742586083104156,0.8,0.7,150
0.05243198961181092,0.8,0.7,200
0.032735361663150879,0.8,0.7,250
0.026657095928395581,0.8,0.7,300
0.021900346233073274,0.8,0.7,350
0.024190151293819108,0.8,0.7,400
0.020343583774621771,0.8,0.7,450
0.021723954598964333,0.8,0.7,500
0.10053770255507852,0.8,0.8,50
0.1276291550773343,0.8,0.8,100
0.055262627786849421,0.8,0.8,150
0.055709149424187684,0.8,0.8,200
0.033203843931475956,0.8,0.8,250
0.026073952920278271,0.8,0.8,300
0.028811754087691217,0.8,0.8,350
0.021526857224830831,0.8,0.8,400
0.023547113113587516,0.8,0.8,450
0.019672956014737703,0.8,0.8,500
0.11925518987085471,0.8,0.9,50
0.13437968734918967,0.8,0.9,100
0.065196250513746043,0.8,0.9,150
0.045011045258258893,0.8,0.9,200
0.035182162346920447,0.8,0.9,250
0.032750183138141438,0.8,0.9,300
0.026391833172957124,0.8,0.9,350
0.022774516617966735,0.8,0.9,400
0.017964543636641642,0.8,0.9,450
0.025726071319169066,0.8,0.9,500
0.090464538947687481,0.8,1.0,50
0.0894324338489038,0.8,1.0,100
0.049923029741141961,0.8,1.0,150
0.043071091059147443,0.8,1.0,200
0.024809130012166909,0.8,1.0,250
0.029588770248290711,0.8,1.0,300
0.026555336737489024,0.8,1.0,350
0.024804876644215643,0.8,1.0,400
0.024124311385895363,0.8,1.0,450
0.013679913142471094,0.8,1.0,500
0.09385941887809815,0.8,auto,50
0.13169781398125721,0.8,auto,100
0.0538740854938414,0.8,auto,150
0.028041865845452516,0.8,auto,200
0.032213879683643983,0.8,auto,250
0.030255192177255353,0.8,auto,300
0.039817052696559094,0.8,auto,350
0.041668017386447619,0.8,auto,400
0.037101276424084326,0.8,auto,450
0.033151643190231637,0.8,auto,500
0.1001991726867843,0.8,,50
0.15839516791538222,0.8,,100
0.055379692894187565,0.8,,150
0.035541825632942455,0.8,,200
0.029194781903645155,0.8,,250
0.044573862795059753,0.8,,300
0.038428817500985722,0.8,,350
0.045438159023081931,0.8,,400
0.045221534578994513,0.8,,450
0.040953566008273296,0.8,,500
0.073883108963330474,0.9,0.1,50
0.10683781083545765,0.9,0.1,100
0.056188650797584824,0.9,0.1,150
0.035167709795168499,0.9,0.1,200
0.033169875373203324,0.9,0.1,250
0.027347973225178967,0.9,0.1,300
0.02692263179570888,0.9,0.1,350
0.031611487678848728,0.9,0.1,400
0.029936508235368468,0.9,0.1,450
0.022977239098160098,0.9,0.1,500
0.088990696677174047,0.9,0.2,50
0.10978387208195628,0.9,0.2,100
0.062581050196331922,0.9,0.2,150
0.038473484306306378,0.9,0.2,200
0.036922038511278357,0.9,0.2,250
0.033695423885912262,0.9,0.2,300
0.028674328492855238,0.9,0.2,350
0.031188690835545006,0.9,0.2,400
0.026889384932959708,0.9,0.2,450
0.029878006152766038,0.9,0.2,500
0.094964255591394944,0.9,0.3,50
0.13156419642957803,0.9,0.3,100
0.064291586065932119,0.9,0.3,150
0.047959360268893837,0.9,0.3,200
0.036878739405322929,0.9,0.3,250
0.034845364321375819,0.9,0.3,300
0.03175051041060159,0.9,0.3,350
0.033676995493432942,0.9,0.3,400
0.029089171747249617,0.9,0.3,450
0.024792220464298846,0.9,0.3,500
0.1058828199918244,0.9,0.4,50
0.080413596992651465,0.9,0.4,100
0.064293897217047646,0.9,0.4,150
0.041710437891322193,0.9,0.4,200
0.036254475782293773,0.9,0.4,250
0.03478541324208189,0.9,0.4,300
0.028649006843289405,0.9,0.4,350
0.03236182247549501,0.9,0.4,400
0.023068198061558104,0.9,0.4,450
0.025654553193153989,0.9,0.4,500
0.096299879366403829,0.9,0.5,50
0.1279378597613049,0.9,0.5,100
0.064369988998427635,0.9,0.5,150
0.050165332643865732,0.9,0.5,200
0.030399797675664929,0.9,0.5,250
0.029635327912615562,0.9,0.5,300
0.028028429237253065,0.9,0.5,350
0.027099063970036086,0.9,0.5,400
0.024123275550573559,0.9,0.5,450
0.019366071945190515,0.9,0.5,500
0.083442384543286952,0.9,0.6,50
0.096805753602979633,0.9,0.6,100
0.049411376782811309,0.9,0.6,150
0.029393491517511739,0.9,0.6,200
0.031496461584361479,0.9,0.6,250
0.03547526543352577,0.9,0.6,300
0.027724153445272983,0.9,0.6,350
0.024406072269258311,0.9,0.6,400
0.024290232660544944,0.9,0.6,450
0.016085367174492153,0.9,0.6,500
0.086483565433952761,0.9,0.7,50
0.10221159364825017,0.9,0.7,100
0.05591196723500514,0.9,0.7,150
0.044687173854821745,0.9,0.7,200
0.037949774506284194,0.9,0.7,250
0.033653421850746018,0.9,0.7,300
0.028508346156470153,0.9,0.7,350
0.02115762970212481,0.9,0.7,400
0.020765404068669554,0.9,0.7,450
0.01773813288013236,0.9,0.7,500
0.087861109449961575,0.9,0.8,50
0.10644128415263646,0.9,0.8,100
0.050907110996547524,0.9,0.8,150
0.05238659063046347,0.9,0.8,200
0.03210387080345594,0.9,0.8,250
0.03048262208425203,0.9,0.8,300
0.02072336998644456,0.9,0.8,350
0.021733690597486862,0.9,0.8,400
0.018850041527642258,0.9,0.8,450
0.016553979183154571,0.9,0.8,500
0.079710895276117119,0.9,0.9,50
0.10618230025369828,0.9,0.9,100
0.050662010508631915,0.9,0.9,150
0.028266629222660083,0.9,0.9,200
0.026494208248464424,0.9,0.9,250
0.02724635702899084,0.9,0.9,300
0.022695555021118079,0.9,0.9,350
0.027045653964122326,0.9,0.9,400
0.018267926317267164,0.9,0.9,450
0.018307637553330595,0.9,0.9,500
0.081120024512383371,0.9,1.0,50
0.088448795364068536,0.9,1.0,100
0.066859299506856679,0.9,1.0,150
0.030487849275370533,0.9,1.0,200
0.033669923721711625,0.9,1.0,250
0.027944057832044851,0.9,1.0,300
0.028041728118435225,0.9,1.0,350
0.026298055460913815,0.9,1.0,400
0.014177322474435492,0.9,1.0,450
0.019607495757305717,0.9,1.0,500
0.08651746884787076,0.9,auto,50
0.14453953144425422,0.9,auto,100
0.052925745463100367,0.9,auto,150
0.046897579968118719,0.9,auto,200
0.044778230121212105,0.9,auto,250
0.044310441654107573,0.9,auto,300
0.040777336094531991,0.9,auto,350
0.037854279766749169,0.9,auto,400
0.038028721522811532,0.9,auto,450
0.031396359727552052,0.9,auto,500
0.073474216435010661,0.9,,50
0.12211309126602986,0.9,,100
0.055036221177026376,0.9,,150
0.043200815416631774,0.9,,200
0.045155979666556191,0.9,,250
0.041830007258399041,0.9,,300
0.036650840360653782,0.9,,350
0.04719399458773299,0.9,,400
0.036349545574230584,0.9,,450
0.031518528863892531,0.9,,500
0.058398764384486344,1.0,0.1,50
0.088979372077896024,1.0,0.1,100
0.055201712794015777,1.0,0.1,150
0.042124300887803626,1.0,0.1,200
0.033972862983852339,1.0,0.1,250
0.032115666450188325,1.0,0.1,300
0.042012046596062384,1.0,0.1,350
0.024819328934230358,1.0,0.1,400
0.038765212966935934,1.0,0.1,450
0.039204512681861266,1.0,0.1,500
0.095302177970618365,1.0,0.2,50
0.094576260752584879,1.0,0.2,100
0.045942753416984887,1.0,0.2,150
0.046090048571043235,1.0,0.2,200
0.032565385144107881,1.0,0.2,250
0.030889589048566382,1.0,0.2,300
0.029655421719840726,1.0,0.2,350
0.02817578632593298,1.0,0.2,400
0.022985626096201809,1.0,0.2,450
0.026041319215667241,1.0,0.2,500
0.1059648695025284,1.0,0.3,50
0.11152892402712891,1.0,0.3,100
0.057364778119431747,1.0,0.3,150
0.037049138232752528,1.0,0.3,200
0.03891257402240042,1.0,0.3,250
0.035605801501625386,1.0,0.3,300
0.029287673888303375,1.0,0.3,350
0.026113820687958506,1.0,0.3,400
0.022406101610039239,1.0,0.3,450
0.025326203343997773,1.0,0.3,500
0.092451885039283782,1.0,0.4,50
0.1187351831566342,1.0,0.4,100
0.048515868342341346,1.0,0.4,150
0.040063602103203956,1.0,0.4,200
0.037928800203520914,1.0,0.4,250
0.035898056331184723,1.0,0.4,300
0.03975465353790808,1.0,0.4,350
0.0297584409793673,1.0,0.4,400
0.022521187299035461,1.0,0.4,450
0.020617539814105884,1.0,0.4,500
0.067345536333381875,1.0,0.5,50
0.10066125529639358,1.0,0.5,100
0.048687629256818687,1.0,0.5,150
0.038744043303703707,1.0,0.5,200
0.032739551341850866,1.0,0.5,250
0.022901639868320261,1.0,0.5,300
0.024047882087663442,1.0,0.5,350
0.019312545658042593,1.0,0.5,400
0.024730077523437359,1.0,0.5,450
0.020461423503654829,1.0,0.5,500
0.093674365873886667,1.0,0.6,50
0.097388701596320917,1.0,0.6,100
0.043893219595249437,1.0,0.6,150
0.033919616422812535,1.0,0.6,200
0.030654698037988589,1.0,0.6,250
0.023033472332202116,1.0,0.6,300
0.027468998988805768,1.0,0.6,350
0.02331691335525932,1.0,0.6,400
0.019594570395301297,1.0,0.6,450
0.018036992090691199,1.0,0.6,500
0.077112338489986054,1.0,0.7,50
0.091053866814751139,1.0,0.7,100
0.056493116442532403,1.0,0.7,150
0.045225543906858338,1.0,0.7,200
0.024369409981855827,1.0,0.7,250
0.021069482210563321,1.0,0.7,300
0.021302273772114057,1.0,0.7,350
0.015758910870930912,1.0,0.7,400
0.017070213851475405,1.0,0.7,450
0.021805934106289802,1.0,0.7,500
0.060258296411419901,1.0,0.8,50
0.10341524062461581,1.0,0.8,100
0.051213650265346904,1.0,0.8,150
0.040071644903716001,1.0,0.8,200
0.031123948556537231,1.0,0.8,250
0.025944624582165045,1.0,0.8,300
0.01894330111042691,1.0,0.8,350
0.017408011946729078,1.0,0.8,400
0.01975327153090178,1.0,0.8,450
0.014495199937594926,1.0,0.8,500
0.079825533511497404,1.0,0.9,50
0.078004615165701952,1.0,0.9,100
0.038682299123808606,1.0,0.9,150
0.034127789434656219,1.0,0.9,200
0.028895597256907619,1.0,0.9,250
0.025210719673398798,1.0,0.9,300
0.021417132949721897,1.0,0.9,350
0.021447261265256728,1.0,0.9,400
0.01621964744874721,1.0,0.9,450
0.02212604812183069,1.0,0.9,500
0.082198961846957214,1.0,1.0,50
0.10134653894028699,1.0,1.0,100
0.042076886227811382,1.0,1.0,150
0.033861814288277212,1.0,1.0,200
0.034363953545471781,1.0,1.0,250
0.019950121219181743,1.0,1.0,300
0.016134114975216308,1.0,1.0,350
0.019253768801020889,1.0,1.0,400
0.019757527455330142,1.0,1.0,450
0.015291450566930473,1.0,1.0,500
0.075445450171856859,1.0,auto,50
0.11581567706641348,1.0,auto,100
0.043372546656615982,1.0,auto,150
0.034091614323840377,1.0,auto,200
0.031177165464985133,1.0,auto,250
0.034048625227144441,1.0,auto,300
0.049526587173285348,1.0,auto,350
0.027902945552258428,1.0,auto,400
0.037429918199114336,1.0,auto,450
0.042412475965209917,1.0,auto,500
0.060460638513861437,1.0,,50
0.12007157714293572,1.0,,100
0.037857050775404168,1.0,,150
0.03728193843927155,1.0,,200
0.031217340188135396,1.0,,250
0.0350950361148172,1.0,,300
0.044312711291223925,1.0,,350
0.039296531269514622,1.0,,400
0.044935022251454126,1.0,,450
0.03168493386396834,1.0,,500
0.49134975500886907,auto,0.1,50
0.50532796514260381,auto,0.1,100
0.51103265933464703,auto,0.1,150
0.49413230932232516,auto,0.1,200
0.50917098407997696,auto,0.1,250
0.57826346051061039,auto,0.1,300
0.52968006321216776,auto,0.1,350
0.52077008531028623,auto,0.1,400
0.54266538252820939,auto,0.1,450
0.55848654434000322,auto,0.1,500
0.35339617253026101,auto,0.2,50
0.4204434299800992,auto,0.2,100
0.49297575515995351,auto,0.2,150
0.49388375464390549,auto,0.2,200
0.49581206191463822,auto,0.2,250
0.53132845397749717,auto,0.2,300
0.50505116274112716,auto,0.2,350
0.50699026653662049,auto,0.2,400
0.55788459351590947,auto,0.2,450
0.55207468696822315,auto,0.2,500
0.41093417848310482,auto,0.3,50
0.40796836416283738,auto,0.3,100
0.46071376850149698,auto,0.3,150
0.46248962169260915,auto,0.3,200
0.44753449678013824,auto,0.3,250
0.4262258192035116,auto,0.3,300
0.52303867208764476,auto,0.3,350
0.52814860901539895,auto,0.3,400
0.48526996472496453,auto,0.3,450
0.49345457434782336,auto,0.3,500
0.40422436626249225,auto,0.4,50
0.42081999002648279,auto,0.4,100
0.4527751146503815,auto,0.4,150
0.44711561179218906,auto,0.4,200
0.50432161090754779,auto,0.4,250
0.42359711971439601,auto,0.4,300
0.41174878796868358,auto,0.4,350
0.44663149242691719,auto,0.4,400
0.43417309615264332,auto,0.4,450
0.47460265025458137,auto,0.4,500
0.40476996180216052,auto,0.5,50
0.36852911569674329,auto,0.5,100
0.39992157805854328,auto,0.5,150
0.36760278733037233,auto,0.5,200
0.43573727331537832,auto,0.5,250
0.41531630240116546,auto,0.5,300
0.42532406259964661,auto,0.5,350
0.47653592708233866,auto,0.5,400
0.47026733159441025,auto,0.5,450
0.4480828062853095,auto,0.5,500
0.29137366806019155,auto,0.6,50
0.29751264222637147,auto,0.6,100
0.38779112486458023,auto,0.6,150
0.40980835635138596,auto,0.6,200
0.4344809274921399,auto,0.6,250
0.40346187073404466,auto,0.6,300
0.41721934436725178,auto,0.6,350
0.38319795519319982,auto,0.6,400
0.43500218195143681,auto,0.6,450
0.41066675012676546,auto,0.6,500
0.38430521846169841,auto,0.7,50
0.34586033860927906,auto,0.7,100
0.38794581893925628,auto,0.7,150
0.3193841755142019,auto,0.7,200
0.42533253944643862,auto,0.7,250
0.36100909835952344,auto,0.7,300
0.373571179057133,auto,0.7,350
0.41255089072656048,auto,0.7,400
0.39195399049195567,auto,0.7,450
0.40965347119906131,auto,0.7,500
0.33572756695367628,auto,0.8,50
0.23247599635938854,auto,0.8,100
0.37676099431516646,auto,0.8,150
0.41452418842480482,auto,0.8,200
0.40568594126498531,auto,0.8,250
0.40235590516288322,auto,0.8,300
0.35993999644318453,auto,0.8,350
0.36791983639374209,auto,0.8,400
0.38668124633517376,auto,0.8,450
0.37924521797123245,auto,0.8,500
0.31779767226263045,auto,0.9,50
0.32638234831543445,auto,0.9,100
0.3260604189915281,auto,0.9,150
0.37678045478266448,auto,0.9,200
0.36278288036361889,auto,0.9,250
0.35399895973309514,auto,0.9,300
0.34260040556906024,auto,0.9,350
0.39079431026505895,auto,0.9,400
0.4157757987386852,auto,0.9,450
0.3441567998428568,auto,0.9,500
0.31298819068858319,auto,1.0,50
0.29508954215091132,auto,1.0,100
0.32091313009275507,auto,1.0,150
0.32082834127095133,auto,1.0,200
0.38737587162473464,auto,1.0,250
0.31264630846871988,auto,1.0,300
0.38121274642747932,auto,1.0,350
0.36919117336105572,auto,1.0,400
0.30570583839553001,auto,1.0,450
0.41228888772402339,auto,1.0,500
0.44728008214864307,auto,auto,50
0.46308483511451515,auto,auto,100
0.46851105308378177,auto,auto,150
0.53159510951305267,auto,auto,200
0.5778467111926604,auto,auto,250
0.54060128643332439,auto,auto,300
0.41898651677611121,auto,auto,350
0.48208516829209347,auto,auto,400
0.48269553706574986,auto,auto,450
0.51103348945906513,auto,auto,500
0.46914019640364996,auto,,50
0.49163418612422721,auto,,100
0.46991291817884584,auto,,150
0.49637440566271956,auto,,200
0.48608953097310159,auto,,250
0.54624449004500419,auto,,300
0.50297318782427203,auto,,350
0.51896634095285032,auto,,400
0.5381203735591289,auto,,450
0.46749621662189561,auto,,500
0.33572554308171881,symmetric,0.1,50
0.51941752646260575,symmetric,0.1,100
0.51525098153074655,symmetric,0.1,150
0.54284597901815002,symmetric,0.1,200
0.56168881427007022,symmetric,0.1,250
0.53718414403090564,symmetric,0.1,300
0.57129211160707605,symmetric,0.1,350
0.55493240861326865,symmetric,0.1,400
0.60238619856649678,symmetric,0.1,450
0.58628211845161882,symmetric,0.1,500
0.32007295249900614,symmetric,0.2,50
0.46117360781235534,symmetric,0.2,100
0.48703921893554786,symmetric,0.2,150
0.53440907881281663,symmetric,0.2,200
0.56292638684785656,symmetric,0.2,250
0.56941538156291738,symmetric,0.2,300
0.55362134514682726,symmetric,0.2,350
0.56823831931584634,symmetric,0.2,400
0.52064088610862114,symmetric,0.2,450
0.55548183367354032,symmetric,0.2,500
0.41970955217221151,symmetric,0.3,50
0.45922646103603498,symmetric,0.3,100
0.44482463031894731,symmetric,0.3,150
0.46439864664048291,symmetric,0.3,200
0.4792302871052167,symmetric,0.3,250
0.47304268919560838,symmetric,0.3,300
0.50975670171406784,symmetric,0.3,350
0.4844006737197889,symmetric,0.3,400
0.51878579965270932,symmetric,0.3,450
0.55747996576350278,symmetric,0.3,500
0.43792469288538,symmetric,0.4,50
0.44760336698495956,symmetric,0.4,100
0.48281231970175925,symmetric,0.4,150
0.45568118418215992,symmetric,0.4,200
0.46014404784614982,symmetric,0.4,250
0.52801746173185615,symmetric,0.4,300
0.50381598039086251,symmetric,0.4,350
0.50841794670165197,symmetric,0.4,400
0.47356659097795289,symmetric,0.4,450
0.44455550127438304,symmetric,0.4,500
0.33229588089250645,symmetric,0.5,50
0.46270696006122791,symmetric,0.5,100
0.48560752774701182,symmetric,0.5,150
0.44450100666119385,symmetric,0.5,200
0.42689269715328942,symmetric,0.5,250
0.44003642111756447,symmetric,0.5,300
0.50794423938240985,symmetric,0.5,350
0.49254027555118018,symmetric,0.5,400
0.46576076359853097,symmetric,0.5,450
0.44653253663278175,symmetric,0.5,500
0.42558467677282552,symmetric,0.6,50
0.41441285227802255,symmetric,0.6,100
0.38549844020372986,symmetric,0.6,150
0.41822776610437162,symmetric,0.6,200
0.41368969064908984,symmetric,0.6,250
0.44179213958816305,symmetric,0.6,300
0.42393788055580717,symmetric,0.6,350
0.42167319097968325,symmetric,0.6,400
0.49396359417796343,symmetric,0.6,450
0.4244855149047902,symmetric,0.6,500
0.44334130235013414,symmetric,0.7,50
0.34800488024760046,symmetric,0.7,100
0.44244686363041441,symmetric,0.7,150
0.44962463102799799,symmetric,0.7,200
0.41875052461672685,symmetric,0.7,250
0.41473622005314376,symmetric,0.7,300
0.43290460035901873,symmetric,0.7,350
0.4345542258857526,symmetric,0.7,400
0.48589489828263716,symmetric,0.7,450
0.39654426894021205,symmetric,0.7,500
0.28308649573029648,symmetric,0.8,50
0.39041494921285025,symmetric,0.8,100
0.37553092275994582,symmetric,0.8,150
0.46394517115733402,symmetric,0.8,200
0.40524912901905247,symmetric,0.8,250
0.39792001645206015,symmetric,0.8,300
0.40362336391542569,symmetric,0.8,350
0.40606906488991029,symmetric,0.8,400
0.40170789538525786,symmetric,0.8,450
0.39579489652201305,symmetric,0.8,500
0.35517069045296812,symmetric,0.9,50
0.39867581728216561,symmetric,0.9,100
0.38342082621712703,symmetric,0.9,150
0.44011723503404998,symmetric,0.9,200
0.40207833477206012,symmetric,0.9,250
0.40754330262563848,symmetric,0.9,300
0.36756066739873838,symmetric,0.9,350
0.35563898023260432,symmetric,0.9,400
0.44968103089357164,symmetric,0.9,450
0.39872629688102884,symmetric,0.9,500
0.33824172075319875,symmetric,1.0,50
0.37052908471990165,symmetric,1.0,100
0.39953381173512353,symmetric,1.0,150
0.35506186641332482,symmetric,1.0,200
0.43751288769790708,symmetric,1.0,250
0.37518229337880421,symmetric,1.0,300
0.32396132049913978,symmetric,1.0,350
0.3802647753709989,symmetric,1.0,400
0.37395981767729919,symmetric,1.0,450
0.33974340926071839,symmetric,1.0,500
0.4289395467157987,symmetric,auto,50
0.51506374731237259,symmetric,auto,100
0.51355201110511595,symmetric,auto,150
0.54581922733753041,symmetric,auto,200
0.55308621774586986,symmetric,auto,250
0.48460806819126545,symmetric,auto,300
0.53173552747979391,symmetric,auto,350
0.53069753455426594,symmetric,auto,400
0.54252257025359529,symmetric,auto,450
0.53594433141266806,symmetric,auto,500
0.46924924874747853,symmetric,,50
0.55009559084626591,symmetric,,100
0.50309355241359577,symmetric,,150
0.51157089484831175,symmetric,,200
0.53984147600137133,symmetric,,250
0.49326372483794967,symmetric,,300
0.53309987271600401,symmetric,,350
0.51795818006883765,symmetric,,400
0.52872684362320443,symmetric,,450
0.54506374457099427,symmetric,,500
